Project Name:,Epoxy and Weights Study,Specimen ID/Lab #,5 lbs - 2500 psi - 8,Technician:,AM,Date:,8/26/2016 11:37 AM,File Version,1.2
Specimen Diamenter:,0.00,inch,Specimen Height:,1.50,Specimen Width:,3.00,Specimen Length:,6.00,Specimen Density:,
Gage 1 Length:,0.000,inch,Gage 2 Length:,0.000,Gage 3 Length:,0.000,Gage 4 Length:,0.000,Load Drop,93
Test Frame:,SWI Overlay,Unit System:,SAE(Inch/lb-f/F),Remarks:,Your Remarks Here,Loading/Unloading Time,5.000000,sec,Temperature:,77.0,F

Actuator PID:,4.000000,0.000000,0.000000,Load PID:,-5.000000,0.000000,0.000000,Pressure PID:,0.000000,0.000000,0.000000

Actuator,Load 5kip,Temperature,Time
0.00000000/-0.00956500/0.00000000/0.00000000/0,-11.06230000/492.22300000/0.00000000/0.00000000/2,0.00000000/1.00000000/0.00000000/0.00000000/7,sec
[NEW],0.000000,0.022474,0.022474,0.000000,6250.000000,0.000000,625.000000,0.000000,-5.000000,0.000000,0.000000,1.000000
-0.003126,-0.590762,77.000000,0.499200
-0.003122,-0.041879,77.000000,0.999200
-0.003119,0.257680,77.000000,1.499200
-0.003116,0.061617,77.000000,1.999200
-0.003114,0.212231,77.000000,2.499200
-0.003113,0.355839,77.000000,2.999200
-0.003111,0.460524,77.000000,3.499200
-0.003110,0.543142,77.000000,3.999200
-0.003109,0.619672,77.000000,4.499200
-0.003107,0.611032,77.000000,4.999200
[NEW],5.000000,-1.317303,-1.317303,0.100000,12500000.593718,0.000000,50.000000,0.000000,4.000000,0.000000,0.000000,0.000000
-0.003105,1.083525,77.000000,5.040000
-0.002985,42.283254,77.000000,5.080000
-0.002769,95.000416,77.000000,5.120000
-0.002559,137.729909,77.000000,5.160000
-0.002358,174.753994,77.000000,5.200000
-0.002161,208.501010,77.000000,5.240000
-0.001955,240.232218,77.000000,5.280000
-0.001757,269.370259,77.000000,5.320000
-0.001550,297.381016,77.000000,5.360000
-0.001347,323.165254,77.000000,5.400000
-0.001149,348.073934,77.000000,5.440000
-0.000943,371.553112,77.000000,5.480000
-0.000744,394.354065,77.000000,5.520000
-0.000543,415.911964,77.000000,5.560000
-0.000344,436.427221,77.000000,5.600000
-0.000139,456.797780,77.000000,5.640000
0.000063,475.901284,77.000000,5.680000
0.000264,494.236289,77.000000,5.720000
0.000463,512.465703,77.000000,5.760000
0.000667,529.190332,77.000000,5.800000
0.000867,545.866786,77.000000,5.840000
0.001073,561.960103,77.000000,5.880000
0.001276,577.066522,77.000000,5.920000
0.001475,591.963638,77.000000,5.960000
0.001678,606.237481,77.000000,6.000000
0.001876,619.618897,77.000000,6.040000
0.002081,632.796644,77.000000,6.080000
0.002277,645.161589,77.000000,6.120000
0.002483,657.968199,77.000000,6.160000
0.002683,669.080379,77.000000,6.200000
0.002886,680.736910,77.000000,6.240000
0.003090,691.553941,77.000000,6.280000
0.003289,702.401719,77.000000,6.320000
0.003492,712.757955,77.000000,6.360000
0.003696,722.381719,77.000000,6.400000
0.003891,731.076853,77.000000,6.440000
0.004094,739.994315,77.000000,6.480000
0.004296,749.034649,77.000000,6.520000
0.004495,757.434223,77.000000,6.560000
0.004702,765.430976,77.000000,6.600000
0.004900,772.618507,77.000000,6.640000
0.005106,780.097900,77.000000,6.680000
0.005304,787.087453,77.000000,6.720000
0.005510,793.634988,77.000000,6.760000
0.005708,800.604297,77.000000,6.800000
0.005911,806.858034,77.000000,6.840000
0.006111,812.362458,77.000000,6.880000
0.006314,818.216189,77.000000,6.920000
0.006517,823.431509,77.000000,6.960000
0.006723,828.485348,77.000000,7.000000
0.006919,833.597512,77.000000,7.040000
0.007123,837.910137,77.000000,7.080000
0.007321,842.227338,77.000000,7.120000
0.007525,846.844088,77.000000,7.160000
0.007726,850.911616,77.000000,7.200000
0.007929,854.772012,77.000000,7.240000
0.008131,857.755707,77.000000,7.280000
0.008332,861.555372,77.000000,7.320000
0.008536,864.989241,77.000000,7.360000
0.008739,867.638122,77.000000,7.400000
0.008937,870.455173,77.000000,7.440000
0.009145,872.838361,77.000000,7.480000
0.009341,874.843667,77.000000,7.520000
0.009542,877.395084,77.000000,7.560000
0.009746,879.493335,77.000000,7.600000
0.009946,880.854772,77.000000,7.640000
0.010148,882.504902,77.000000,7.680000
0.010352,884.295447,77.000000,7.720000
0.010551,885.612700,77.000000,7.760000
0.010753,886.971026,77.000000,7.800000
0.010957,888.095582,77.000000,7.840000
0.011159,888.915601,77.000000,7.880000
0.011355,889.994446,77.000000,7.920000
0.011558,891.254370,77.000000,7.960000
0.011760,892.012308,77.000000,8.000000
0.011962,892.566635,77.000000,8.040000
0.012168,893.044153,77.000000,8.080000
0.012368,893.598773,77.000000,8.120000
0.012569,894.254143,77.000000,8.160000
0.012771,894.483807,77.000000,8.200000
0.012971,894.930930,77.000000,8.240000
0.013174,895.412731,77.000000,8.280000
0.013376,895.403284,77.000000,8.320000
0.013577,895.516239,77.000000,8.360000
0.013777,895.301127,77.000000,8.400000
0.013982,894.607617,77.000000,8.440000
0.014184,893.808663,77.000000,8.480000
0.014386,893.205164,77.000000,8.520000
0.014585,892.228711,77.000000,8.560000
0.014789,891.003348,77.000000,8.600000
0.014988,889.838012,77.000000,8.640000
0.015191,888.401292,77.000000,8.680000
0.015392,887.484279,77.000000,8.720000
0.015593,886.855021,77.000000,8.760000
0.015797,884.953985,77.000000,8.800000
0.015997,883.486108,77.000000,8.840000
0.016201,881.827821,77.000000,8.880000
0.016410,878.605250,77.000000,8.920000
0.016605,875.483487,77.000000,8.960000
0.016806,873.633501,77.000000,9.000000
0.017006,871.028746,77.000000,9.040000
0.017206,868.554900,77.000000,9.080000
0.017413,866.936397,77.000000,9.120000
0.017616,863.923657,77.000000,9.160000
0.017812,862.027315,77.000000,9.200000
0.018020,858.853212,77.000000,9.240000
0.018218,856.061510,77.000000,9.280000
0.018419,854.045232,77.000000,9.320000
0.018621,851.051033,77.000000,9.360000
0.018822,847.955734,77.000000,9.400000
0.019023,845.157988,77.000000,9.440000
0.019229,841.930136,77.000000,9.480000
0.019429,838.990273,77.000000,9.520000
0.019631,836.016025,77.000000,9.560000
0.019834,832.465388,77.000000,9.600000
0.020033,828.812006,77.000000,9.640000
0.020236,825.481879,77.000000,9.680000
0.020435,821.957470,77.000000,9.720000
0.020641,818.359538,77.000000,9.760000
0.020846,814.127654,77.000000,9.800000
0.021044,810.154715,77.000000,9.840000
0.021246,805.320330,77.000000,9.880000
0.021446,800.797522,77.000000,9.920000
0.021644,796.134182,77.000000,9.960000
0.021850,791.293108,77.000000,10.000000
0.021989,773.544791,77.000000,10.040000
0.022057,747.920714,77.000000,10.080000
0.021972,700.787910,77.000000,10.120000
0.021803,650.336127,77.000000,10.160000
0.021602,602.547836,77.000000,10.200000
0.021386,560.547147,77.000000,10.240000
0.021165,522.984183,77.000000,10.280000
0.020946,489.834533,77.000000,10.320000
0.020735,459.846254,77.000000,10.360000
0.020526,432.212676,77.000000,10.400000
0.020319,406.312786,77.000000,10.440000
0.020117,382.444311,77.000000,10.480000
0.019911,359.994925,77.000000,10.520000
0.019708,338.503801,77.000000,10.560000
0.019506,318.106339,77.000000,10.600000
0.019300,298.746208,77.000000,10.640000
0.019101,280.108046,77.000000,10.680000
0.018900,262.813365,77.000000,10.720000
0.018695,245.742685,77.000000,10.760000
0.018491,229.588579,77.000000,10.800000
0.018289,213.880011,77.000000,10.840000
0.018087,198.670789,77.000000,10.880000
0.017884,184.729735,77.000000,10.920000
0.017684,170.904423,77.000000,10.960000
0.017481,157.829099,77.000000,11.000000
0.017283,144.967800,77.000000,11.040000
0.017078,132.446392,77.000000,11.080000
0.016875,120.564202,77.000000,11.120000
0.016673,109.321817,77.000000,11.160000
0.016472,98.309800,77.000000,11.200000
0.016269,87.839216,77.000000,11.240000
0.016072,77.362676,77.000000,11.280000
0.015867,67.231762,77.000000,11.320000
0.015664,57.880650,77.000000,11.360000
0.015466,48.530873,77.000000,11.400000
0.015267,39.394573,77.000000,11.440000
0.015062,30.139502,77.000000,11.480000
0.014859,21.769882,77.000000,11.520000
0.014653,13.600391,77.000000,11.560000
0.014454,5.597846,77.000000,11.600000
0.014252,-2.238170,77.000000,11.640000
0.014052,-9.893334,77.000000,11.680000
0.013851,-16.900182,77.000000,11.720000
0.013650,-24.175044,77.000000,11.760000
0.013446,-31.060430,77.000000,11.800000
0.013245,-37.786700,77.000000,11.840000
0.013043,-44.790418,77.000000,11.880000
0.012842,-51.104549,77.000000,11.920000
0.012640,-57.182245,77.000000,11.960000
0.012438,-63.565864,77.000000,12.000000
0.012238,-69.581714,77.000000,12.040000
0.012039,-75.873441,77.000000,12.080000
0.011835,-81.614974,77.000000,12.120000
0.011635,-87.278069,77.000000,12.160000
0.011433,-93.176923,77.000000,12.200000
0.011231,-99.024230,77.000000,12.240000
0.011032,-104.694066,77.000000,12.280000
0.010828,-110.177021,77.000000,12.320000
0.010629,-115.648080,77.000000,12.360000
0.010428,-121.050991,77.000000,12.400000
0.010228,-126.452143,77.000000,12.440000
0.010026,-132.042654,77.000000,12.480000
0.009824,-137.234518,77.000000,12.520000
0.009625,-142.605846,77.000000,12.560000
0.009422,-148.053822,77.000000,12.600000
0.009224,-152.911913,77.000000,12.640000
0.009018,-158.761904,77.000000,12.680000
0.008820,-163.632141,77.000000,12.720000
0.008618,-168.780539,77.000000,12.760000
0.008417,-174.174942,77.000000,12.800000
0.008217,-179.512267,77.000000,12.840000
0.008019,-185.009386,77.000000,12.880000
0.007818,-190.244685,77.000000,12.920000
0.007616,-195.381597,77.000000,12.960000
0.007412,-200.732946,77.000000,13.000000
0.007216,-206.063523,77.000000,13.040000
0.007014,-211.694383,77.000000,13.080000
0.006812,-217.066386,77.000000,13.120000
0.006611,-222.522196,77.000000,13.160000
0.006409,-228.002841,77.000000,13.200000
0.006206,-233.409523,77.000000,13.240000
0.006006,-239.292461,77.000000,13.280000
0.005804,-244.533159,77.000000,13.320000
0.005605,-250.201660,77.000000,13.360000
0.005405,-256.081517,77.000000,13.400000
0.005205,-261.650956,77.000000,13.440000
0.005003,-267.618375,77.000000,13.480000
0.004796,-273.337882,77.000000,13.520000
0.004596,-279.015551,77.000000,13.560000
0.004400,-285.325941,77.000000,13.600000
0.004196,-290.972717,77.000000,13.640000
0.003999,-296.902729,77.000000,13.680000
0.003794,-303.078952,77.000000,13.720000
0.003594,-308.970795,77.000000,13.760000
0.003392,-315.059794,77.000000,13.800000
0.003192,-321.365049,77.000000,13.840000
0.002991,-327.601476,77.000000,13.880000
0.002792,-333.948744,77.000000,13.920000
0.002592,-340.303230,77.000000,13.960000
0.002391,-346.530150,77.000000,14.000000
0.002188,-352.731899,77.000000,14.040000
0.001988,-359.694225,77.000000,14.080000
0.001786,-366.044369,77.000000,14.120000
0.001586,-372.626641,77.000000,14.160000
0.001383,-379.535101,77.000000,14.200000
0.001185,-385.848190,77.000000,14.240000
0.000982,-393.108070,77.000000,14.280000
0.000784,-399.879137,77.000000,14.320000
0.000585,-406.605404,77.000000,14.360000
0.000386,-413.880276,77.000000,14.400000
0.000184,-420.624234,77.000000,14.440000
-0.000013,-428.050378,77.000000,14.480000
-0.000219,-435.217694,77.000000,14.520000
-0.000419,-442.459649,77.000000,14.560000
-0.000622,-449.932910,77.000000,14.600000
-0.000821,-457.591739,77.000000,14.640000
-0.001019,-465.213983,77.000000,14.680000
-0.001224,-472.692906,77.000000,14.720000
-0.001422,-480.550506,77.000000,14.760000
-0.001622,-488.315013,77.000000,14.800000
-0.001828,-496.278936,77.000000,14.840000
-0.002028,-504.638756,77.000000,14.880000
-0.002222,-512.531709,77.000000,14.920000
-0.002423,-520.923069,77.000000,14.960000
-0.002624,-529.406317,77.000000,15.000000
-0.002784,-525.129780,77.000000,15.040000
-0.002858,-506.199638,77.000000,15.080000
-0.002820,-456.397827,77.000000,15.120000
-0.002585,-377.242804,77.000000,15.160000
-0.002382,-320.366680,77.000000,15.200000
-0.002177,-271.538857,77.000000,15.240000
-0.001969,-229.127572,77.000000,15.280000
-0.001767,-191.982509,77.000000,15.320000
-0.001561,-158.369336,77.000000,15.360000
-0.001356,-127.849468,77.000000,15.400000
-0.001153,-101.062072,77.000000,15.440000
-0.000947,-76.943514,77.000000,15.480000
-0.000742,-54.780716,77.000000,15.520000
-0.000547,-34.999434,77.000000,15.560000
-0.000342,-16.031314,77.000000,15.600000
-0.000139,0.875656,77.000000,15.640000
0.000067,16.523524,77.000000,15.680000
0.000265,30.447214,77.000000,15.720000
0.000470,43.880861,77.000000,15.760000
0.000675,55.820305,77.000000,15.800000
0.000879,67.142051,77.000000,15.840000
0.001082,77.073220,77.000000,15.880000
0.001280,86.763891,77.000000,15.920000
0.001478,96.615948,77.000000,15.960000
0.001684,104.709050,77.000000,16.000000
0.001883,113.085439,77.000000,16.040000
0.002088,120.595389,77.000000,16.080000
0.002286,127.917086,77.000000,16.120000
0.002490,134.903529,77.000000,16.160000
0.002696,142.104424,77.000000,16.200000
0.002893,148.457560,77.000000,16.240000
0.003096,154.341833,77.000000,16.280000
0.003300,160.389288,77.000000,16.320000
0.003500,165.848487,77.000000,16.360000
0.003700,172.083534,77.000000,16.400000
0.003906,177.685348,77.000000,16.440000
0.004109,182.789753,77.000000,16.480000
0.004310,187.934366,77.000000,16.520000
0.004513,192.838196,77.000000,16.560000
0.004709,198.026216,77.000000,16.600000
0.004912,202.624409,77.000000,16.640000
0.005112,207.632729,77.000000,16.680000
0.005314,212.437907,77.000000,16.720000
0.005519,216.882218,77.000000,16.760000
0.005722,221.891888,77.000000,16.800000
0.005924,226.251469,77.000000,16.840000
0.006122,230.390642,77.000000,16.880000
0.006326,234.813346,77.000000,16.920000
0.006523,239.504821,77.000000,16.960000
0.006730,243.863009,77.000000,17.000000
0.006930,248.128280,77.000000,17.040000
0.007130,252.361338,77.000000,17.080000
0.007331,256.991407,77.000000,17.120000
0.007536,261.157572,77.000000,17.160000
0.007732,265.956193,77.000000,17.200000
0.007938,270.329373,77.000000,17.240000
0.008136,274.235479,77.000000,17.280000
0.008338,278.769846,77.000000,17.320000
0.008543,283.198886,77.000000,17.360000
0.008738,287.603282,77.000000,17.400000
0.008944,292.326942,77.000000,17.440000
0.009146,296.527786,77.000000,17.480000
0.009347,301.197228,77.000000,17.520000
0.009549,305.751281,77.000000,17.560000
0.009750,310.408167,77.000000,17.600000
0.009949,315.160990,77.000000,17.640000
0.010153,319.651348,77.000000,17.680000
0.010354,324.496471,77.000000,17.720000
0.010554,329.087902,77.000000,17.760000
0.010763,333.830457,77.000000,17.800000
0.010956,338.776974,77.000000,17.840000
0.011163,343.140325,77.000000,17.880000
0.011360,347.956286,77.000000,17.920000
0.011566,352.919761,77.000000,17.960000
0.011763,357.591903,77.000000,18.000000
0.011965,362.599269,77.000000,18.040000
0.012171,366.966933,77.000000,18.080000
0.012373,371.810589,77.000000,18.120000
0.012571,376.438546,77.000000,18.160000
0.012772,381.069262,77.000000,18.200000
0.012972,385.765842,77.000000,18.240000
0.013176,390.275476,77.000000,18.280000
0.013378,395.187140,77.000000,18.320000
0.013580,399.426593,77.000000,18.360000
0.013784,403.756615,77.000000,18.400000
0.013980,408.394694,77.000000,18.440000
0.014184,412.853484,77.000000,18.480000
0.014388,417.112917,77.000000,18.520000
0.014590,421.473863,77.000000,18.560000
0.014788,426.011251,77.000000,18.600000
0.014987,430.214178,77.000000,18.640000
0.015197,434.077772,77.000000,18.680000
0.015394,438.156243,77.000000,18.720000
0.015596,442.416087,77.000000,18.760000
0.015800,446.264454,77.000000,18.800000
0.015997,449.975135,77.000000,18.840000
0.016203,453.840519,77.000000,18.880000
0.016402,457.697512,77.000000,18.920000
0.016605,461.500551,77.000000,18.960000
0.016809,464.736911,77.000000,19.000000
0.017009,468.412649,77.000000,19.040000
0.017206,471.358673,77.000000,19.080000
0.017413,475.018774,77.000000,19.120000
0.017613,477.662550,77.000000,19.160000
0.017812,480.817935,77.000000,19.200000
0.018019,483.968714,77.000000,19.240000
0.018223,486.330427,77.000000,19.280000
0.018417,489.050132,77.000000,19.320000
0.018622,491.344776,77.000000,19.360000
0.018820,493.770096,77.000000,19.400000
0.019024,496.159798,77.000000,19.440000
0.019231,497.953923,77.000000,19.480000
0.019432,499.813180,77.000000,19.520000
0.019631,501.191163,77.000000,19.560000
0.019832,502.678405,77.000000,19.600000
0.020037,504.291333,77.000000,19.640000
0.020239,505.169971,77.000000,19.680000
0.020436,506.223878,77.000000,19.720000
0.020638,506.502069,77.000000,19.760000
0.020839,507.209896,77.000000,19.800000
0.021037,507.378711,77.000000,19.840000
0.021242,507.262647,77.000000,19.880000
0.021448,506.531760,77.000000,19.920000
0.021650,505.380565,77.000000,19.960000
0.021854,504.655193,77.000000,20.000000
0.021971,490.692399,77.000000,20.040000
0.022034,471.754365,77.000000,20.080000
0.021935,435.138779,77.000000,20.120000
0.021761,397.205648,77.000000,20.160000
0.021558,362.523957,77.000000,20.200000
0.021341,331.444481,77.000000,20.240000
0.021135,303.781358,77.000000,20.280000
0.020919,279.464940,77.000000,20.320000
0.020709,257.063317,77.000000,20.360000
0.020498,237.536483,77.000000,20.400000
0.020296,218.974015,77.000000,20.440000
0.020090,201.906342,77.000000,20.480000
0.019889,186.009097,77.000000,20.520000
0.019680,170.989829,77.000000,20.560000
0.019476,157.180330,77.000000,20.600000
0.019272,144.292598,77.000000,20.640000
0.019071,131.873405,77.000000,20.680000
0.018870,120.225471,77.000000,20.720000
0.018666,108.991594,77.000000,20.760000
0.018470,98.559217,77.000000,20.800000
0.018262,88.444446,77.000000,20.840000
0.018062,78.448108,77.000000,20.880000
0.017857,69.356241,77.000000,20.920000
0.017660,60.829388,77.000000,20.960000
0.017455,52.524563,77.000000,21.000000
0.017250,44.437127,77.000000,21.040000
0.017051,36.530536,77.000000,21.080000
0.016850,29.578089,77.000000,21.120000
0.016651,22.434152,77.000000,21.160000
0.016443,15.563982,77.000000,21.200000
0.016241,9.033396,77.000000,21.240000
0.016042,2.940488,77.000000,21.280000
0.015845,-2.998211,77.000000,21.320000
0.015643,-8.678014,77.000000,21.360000
0.015434,-14.321195,77.000000,21.400000
0.015233,-19.633517,77.000000,21.440000
0.015035,-24.799047,77.000000,21.480000
0.014834,-29.534709,77.000000,21.520000
0.014629,-34.667625,77.000000,21.560000
0.014433,-39.465652,77.000000,21.600000
0.014224,-43.640456,77.000000,21.640000
0.014031,-48.578051,77.000000,21.680000
0.013825,-52.936682,77.000000,21.720000
0.013626,-57.277464,77.000000,21.760000
0.013421,-61.428325,77.000000,21.800000
0.013218,-65.739130,77.000000,21.840000
0.013025,-69.812625,77.000000,21.880000
0.012824,-73.781608,77.000000,21.920000
0.012620,-77.970122,77.000000,21.960000
0.012416,-81.946780,77.000000,22.000000
0.012216,-85.785180,77.000000,22.040000
0.012021,-89.879685,77.000000,22.080000
0.011816,-93.546042,77.000000,22.120000
0.011612,-97.696393,77.000000,22.160000
0.011415,-101.214546,77.000000,22.200000
0.011212,-104.761134,77.000000,22.240000
0.011014,-109.045542,77.000000,22.280000
0.010810,-112.574520,77.000000,22.320000
0.010604,-116.223772,77.000000,22.360000
0.010409,-119.796583,77.000000,22.400000
0.010205,-123.288139,77.000000,22.440000
0.010009,-126.974527,77.000000,22.480000
0.009802,-130.516737,77.000000,22.520000
0.009603,-134.042517,77.000000,22.560000
0.009403,-137.622083,77.000000,22.600000
0.009197,-141.117783,77.000000,22.640000
0.008999,-144.863465,77.000000,22.680000
0.008798,-148.292684,77.000000,22.720000
0.008595,-151.892435,77.000000,22.760000
0.008396,-155.170764,77.000000,22.800000
0.008198,-158.945697,77.000000,22.840000
0.007995,-162.466174,77.000000,22.880000
0.007789,-166.167657,77.000000,22.920000
0.007593,-169.745873,77.000000,22.960000
0.007391,-173.188001,77.000000,23.000000
0.007193,-176.827183,77.000000,23.040000
0.006992,-180.878134,77.000000,23.080000
0.006787,-184.388739,77.000000,23.120000
0.006587,-188.179206,77.000000,23.160000
0.006384,-191.848856,77.000000,23.200000
0.006185,-195.476332,77.000000,23.240000
0.005984,-199.565864,77.000000,23.280000
0.005785,-203.405958,77.000000,23.320000
0.005579,-207.464112,77.000000,23.360000
0.005385,-211.524614,77.000000,23.400000
0.005179,-215.685381,77.000000,23.440000
0.004977,-219.746557,77.000000,23.480000
0.004776,-224.021569,77.000000,23.520000
0.004576,-228.407012,77.000000,23.560000
0.004376,-232.458888,77.000000,23.600000
0.004173,-237.140388,77.000000,23.640000
0.003974,-241.765236,77.000000,23.680000
0.003774,-246.271760,77.000000,23.720000
0.003570,-251.208992,77.000000,23.760000
0.003370,-255.860450,77.000000,23.800000
0.003172,-260.883190,77.000000,23.840000
0.002968,-266.456178,77.000000,23.880000
0.002767,-271.319638,77.000000,23.920000
0.002571,-276.655217,77.000000,23.960000
0.002371,-282.472451,77.000000,24.000000
0.002168,-287.899802,77.000000,24.040000
0.001968,-293.738865,77.000000,24.080000
0.001769,-299.611255,77.000000,24.120000
0.001567,-305.611681,77.000000,24.160000
0.001364,-311.771768,77.000000,24.200000
0.001167,-318.265143,77.000000,24.240000
0.000970,-324.916215,77.000000,24.280000
0.000767,-332.098523,77.000000,24.320000
0.000570,-339.014964,77.000000,24.360000
0.000368,-345.836347,77.000000,24.400000
0.000165,-353.566616,77.000000,24.440000
-0.000033,-360.963450,77.000000,24.480000
-0.000232,-368.630494,77.000000,24.520000
-0.000434,-376.929994,77.000000,24.560000
-0.000634,-385.203617,77.000000,24.600000
-0.000833,-393.425486,77.000000,24.640000
-0.001032,-402.448275,77.000000,24.680000
-0.001234,-411.262700,77.000000,24.720000
-0.001431,-420.293352,77.000000,24.760000
-0.001629,-429.720869,77.000000,24.800000
-0.001830,-439.177168,77.000000,24.840000
-0.002027,-449.107141,77.000000,24.880000
-0.002226,-458.926829,77.000000,24.920000
-0.002428,-469.227557,77.000000,24.960000
-0.002630,-479.628916,77.000000,25.000000
-0.002787,-477.351405,77.000000,25.040000
-0.002855,-459.897884,77.000000,25.080000
-0.002820,-416.296383,77.000000,25.120000
-0.002582,-341.316180,77.000000,25.160000
-0.002379,-289.512232,77.000000,25.200000
-0.002173,-244.773781,77.000000,25.240000
-0.001966,-206.562312,77.000000,25.280000
-0.001760,-172.422963,77.000000,25.320000
-0.001553,-143.597042,77.000000,25.360000
-0.001353,-117.156760,77.000000,25.400000
-0.001152,-94.090540,77.000000,25.440000
-0.000942,-73.692983,77.000000,25.480000
-0.000741,-55.253437,77.000000,25.520000
-0.000534,-38.915945,77.000000,25.560000
-0.000338,-24.916826,77.000000,25.600000
-0.000134,-10.426937,77.000000,25.640000
0.000069,1.059330,77.000000,25.680000
0.000269,12.161937,77.000000,25.720000
0.000477,21.919275,77.000000,25.760000
0.000676,31.209956,77.000000,25.800000
0.000884,39.347748,77.000000,25.840000
0.001079,46.755481,77.000000,25.880000
0.001283,54.031051,77.000000,25.920000
0.001484,60.684726,77.000000,25.960000
0.001688,67.482102,77.000000,26.000000
0.001889,73.884359,77.000000,26.040000
0.002094,79.530071,77.000000,26.080000
0.002294,85.409621,77.000000,26.120000
0.002492,90.343274,77.000000,26.160000
0.002696,96.341447,77.000000,26.200000
0.002899,101.356926,77.000000,26.240000
0.003098,106.642438,77.000000,26.280000
0.003301,111.148559,77.000000,26.320000
0.003507,115.809383,77.000000,26.360000
0.003704,119.893209,77.000000,26.400000
0.003907,124.713497,77.000000,26.440000
0.004107,128.895109,77.000000,26.480000
0.004313,132.765436,77.000000,26.520000
0.004512,136.654291,77.000000,26.560000
0.004715,140.533860,77.000000,26.600000
0.004912,144.228889,77.000000,26.640000
0.005119,147.731205,77.000000,26.680000
0.005316,151.128474,77.000000,26.720000
0.005525,154.687737,77.000000,26.760000
0.005725,157.909135,77.000000,26.800000
0.005923,161.017212,77.000000,26.840000
0.006126,163.874383,77.000000,26.880000
0.006324,166.718411,77.000000,26.920000
0.006531,169.471195,77.000000,26.960000
0.006731,172.487999,77.000000,27.000000
0.006930,175.121198,77.000000,27.040000
0.007134,177.984384,77.000000,27.080000
0.007332,180.288226,77.000000,27.120000
0.007536,182.647900,77.000000,27.160000
0.007739,184.819321,77.000000,27.200000
0.007940,187.471825,77.000000,27.240000
0.008143,189.501585,77.000000,27.280000
0.008344,191.894837,77.000000,27.320000
0.008549,194.144300,77.000000,27.360000
0.008747,196.158319,77.000000,27.400000
0.008945,199.132596,77.000000,27.440000
0.009149,201.387017,77.000000,27.480000
0.009357,203.791520,77.000000,27.520000
0.009551,205.833748,77.000000,27.560000
0.009755,208.563634,77.000000,27.600000
0.009958,211.036937,77.000000,27.640000
0.010157,213.897467,77.000000,27.680000
0.010361,216.425150,77.000000,27.720000
0.010563,218.648516,77.000000,27.760000
0.010764,221.774856,77.000000,27.800000
0.010965,224.402598,77.000000,27.840000
0.011164,226.996131,77.000000,27.880000
0.011366,230.035042,77.000000,27.920000
0.011572,232.860835,77.000000,27.960000
0.011772,235.823392,77.000000,28.000000
0.011974,238.687883,77.000000,28.040000
0.012172,241.539642,77.000000,28.080000
0.012372,244.472346,77.000000,28.120000
0.012577,247.410859,77.000000,28.160000
0.012777,250.117625,77.000000,28.200000
0.012979,253.480524,77.000000,28.240000
0.013182,256.265067,77.000000,28.280000
0.013381,259.508029,77.000000,28.320000
0.013585,261.996573,77.000000,28.360000
0.013787,265.565753,77.000000,28.400000
0.013989,267.857962,77.000000,28.440000
0.014184,271.155377,77.000000,28.480000
0.014386,274.084472,77.000000,28.520000
0.014591,276.788011,77.000000,28.560000
0.014794,279.988578,77.000000,28.600000
0.014999,282.976234,77.000000,28.640000
0.015199,285.617927,77.000000,28.680000
0.015400,288.354941,77.000000,28.720000
0.015600,291.307801,77.000000,28.760000
0.015803,294.072864,77.000000,28.800000
0.016006,296.665619,77.000000,28.840000
0.016206,299.208529,77.000000,28.880000
0.016404,301.693875,77.000000,28.920000
0.016611,303.910361,77.000000,28.960000
0.016811,306.554812,77.000000,29.000000
0.017007,308.762525,77.000000,29.040000
0.017215,310.987930,77.000000,29.080000
0.017415,313.341399,77.000000,29.120000
0.017617,315.376630,77.000000,29.160000
0.017825,317.718392,77.000000,29.200000
0.018022,319.244977,77.000000,29.240000
0.018223,321.380488,77.000000,29.280000
0.018419,322.703197,77.000000,29.320000
0.018628,324.202526,77.000000,29.360000
0.018830,325.876655,77.000000,29.400000
0.019026,327.384874,77.000000,29.440000
0.019229,328.553878,77.000000,29.480000
0.019434,329.531475,77.000000,29.520000
0.019640,330.486041,77.000000,29.560000
0.019835,331.645128,77.000000,29.600000
0.020033,332.219112,77.000000,29.640000
0.020243,332.710185,77.000000,29.680000
0.020438,333.056236,77.000000,29.720000
0.020644,332.932338,77.000000,29.760000
0.020843,333.190754,77.000000,29.800000
0.021044,332.877269,77.000000,29.840000
0.021248,332.658519,77.000000,29.880000
0.021451,331.913696,77.000000,29.920000
0.021651,331.007509,77.000000,29.960000
0.021854,329.554447,77.000000,30.000000
0.021968,317.400389,77.000000,30.040000
0.022013,301.762029,77.000000,30.080000
0.021910,272.598903,77.000000,30.120000
0.021735,242.527625,77.000000,30.160000
0.021532,216.274656,77.000000,30.200000
0.021318,193.228754,77.000000,30.240000
0.021106,173.293803,77.000000,30.280000
0.020898,155.831920,77.000000,30.320000
0.020692,139.750852,77.000000,30.360000
0.020483,125.788264,77.000000,30.400000
0.020275,112.947356,77.000000,30.440000
0.020066,101.429547,77.000000,30.480000
0.019868,90.674186,77.000000,30.520000
0.019664,80.857614,77.000000,30.560000
0.019461,71.587587,77.000000,30.600000
0.019255,63.122243,77.000000,30.640000
0.019053,55.288276,77.000000,30.680000
0.018850,47.808179,77.000000,30.720000
0.018654,40.681742,77.000000,30.760000
0.018447,34.436466,77.000000,30.800000
0.018248,27.868229,77.000000,30.840000
0.018045,22.133151,77.000000,30.880000
0.017842,16.622014,77.000000,30.920000
0.017641,11.029528,77.000000,30.960000
0.017435,6.470362,77.000000,31.000000
0.017240,1.657997,77.000000,31.040000
0.017036,-2.620712,77.000000,31.080000
0.016833,-6.912981,77.000000,31.120000
0.016635,-11.625187,77.000000,31.160000
0.016429,-15.449509,77.000000,31.200000
0.016233,-19.060646,77.000000,31.240000
0.016034,-22.846763,77.000000,31.280000
0.015829,-26.443855,77.000000,31.320000
0.015628,-30.193609,77.000000,31.360000
0.015423,-33.652616,77.000000,31.400000
0.015220,-36.527394,77.000000,31.440000
0.015024,-39.550392,77.000000,31.480000
0.014826,-42.551653,77.000000,31.520000
0.014623,-45.567203,77.000000,31.560000
0.014425,-48.534028,77.000000,31.600000
0.014216,-51.507928,77.000000,31.640000
0.014015,-54.273547,77.000000,31.680000
0.013811,-56.565471,77.000000,31.720000
0.013616,-59.525570,77.000000,31.760000
0.013418,-62.167424,77.000000,31.800000
0.013213,-64.685454,77.000000,31.840000
0.013009,-67.101231,77.000000,31.880000
0.012813,-69.477804,77.000000,31.920000
0.012613,-72.014783,77.000000,31.960000
0.012405,-74.515144,77.000000,32.000000
0.012205,-77.101254,77.000000,32.040000
0.012007,-79.079678,77.000000,32.080000
0.011804,-81.363394,77.000000,32.120000
0.011609,-83.725341,77.000000,32.160000
0.011401,-86.105574,77.000000,32.200000
0.011203,-88.566870,77.000000,32.240000
0.010998,-90.641371,77.000000,32.280000
0.010800,-92.960315,77.000000,32.320000
0.010599,-95.290562,77.000000,32.360000
0.010402,-97.702723,77.000000,32.400000
0.010194,-100.316713,77.000000,32.440000
0.009997,-102.406881,77.000000,32.480000
0.009790,-104.359919,77.000000,32.520000
0.009596,-107.083584,77.000000,32.560000
0.009394,-109.293455,77.000000,32.600000
0.009191,-112.057057,77.000000,32.640000
0.008989,-114.291125,77.000000,32.680000
0.008786,-116.309214,77.000000,32.720000
0.008585,-118.926791,77.000000,32.760000
0.008385,-121.633726,77.000000,32.800000
0.008185,-124.058737,77.000000,32.840000
0.007981,-126.459566,77.000000,32.880000
0.007783,-129.130032,77.000000,32.920000
0.007583,-132.115502,77.000000,32.960000
0.007383,-134.834327,77.000000,33.000000
0.007179,-137.322607,77.000000,33.040000
0.006979,-139.937206,77.000000,33.080000
0.006776,-143.054260,77.000000,33.120000
0.006579,-145.983722,77.000000,33.160000
0.006378,-148.780397,77.000000,33.200000
0.006178,-151.672174,77.000000,33.240000
0.005975,-154.705877,77.000000,33.280000
0.005771,-157.903583,77.000000,33.320000
0.005573,-161.209433,77.000000,33.360000
0.005373,-164.642451,77.000000,33.400000
0.005169,-168.051500,77.000000,33.440000
0.004968,-171.529406,77.000000,33.480000
0.004767,-175.027894,77.000000,33.520000
0.004570,-179.265440,77.000000,33.560000
0.004364,-182.595157,77.000000,33.600000
0.004169,-186.442732,77.000000,33.640000
0.003970,-190.621043,77.000000,33.680000
0.003768,-194.593074,77.000000,33.720000
0.003567,-198.933320,77.000000,33.760000
0.003367,-203.181003,77.000000,33.800000
0.003163,-207.862753,77.000000,33.840000
0.002963,-212.399232,77.000000,33.880000
0.002767,-217.197017,77.000000,33.920000
0.002569,-222.321489,77.000000,33.960000
0.002360,-227.294617,77.000000,34.000000
0.002162,-232.831519,77.000000,34.040000
0.001965,-237.680574,77.000000,34.080000
0.001762,-243.578211,77.000000,34.120000
0.001557,-249.362776,77.000000,34.160000
0.001364,-255.089163,77.000000,34.200000
0.001163,-261.412256,77.000000,34.240000
0.000960,-267.830524,77.000000,34.280000
0.000763,-274.263168,77.000000,34.320000
0.000566,-281.281972,77.000000,34.360000
0.000360,-288.332344,77.000000,34.400000
0.000166,-296.022448,77.000000,34.440000
-0.000039,-303.326836,77.000000,34.480000
-0.000237,-310.911995,77.000000,34.520000
-0.000435,-319.257439,77.000000,34.560000
-0.000634,-327.950167,77.000000,34.600000
-0.000838,-336.730999,77.000000,34.640000
-0.001040,-345.068082,77.000000,34.680000
-0.001233,-354.597375,77.000000,34.720000
-0.001435,-364.214773,77.000000,34.760000
-0.001635,-374.205067,77.000000,34.800000
-0.001831,-384.456270,77.000000,34.840000
-0.002035,-394.982847,77.000000,34.880000
-0.002230,-405.484223,77.000000,34.920000
-0.002426,-417.272661,77.000000,34.960000
-0.002628,-428.896977,77.000000,35.000000
-0.002783,-428.211800,77.000000,35.040000
-0.002842,-412.011015,77.000000,35.080000
-0.002815,-374.754347,77.000000,35.120000
-0.002577,-303.740630,77.000000,35.160000
-0.002374,-255.349089,77.000000,35.200000
-0.002171,-214.249071,77.000000,35.240000
-0.001966,-179.212836,77.000000,35.280000
-0.001760,-148.744912,77.000000,35.320000
-0.001555,-121.987969,77.000000,35.360000
-0.001350,-99.509126,77.000000,35.400000
-0.001146,-79.172916,77.000000,35.440000
-0.000942,-61.613427,77.000000,35.480000
-0.000736,-45.696202,77.000000,35.520000
-0.000537,-32.346776,77.000000,35.560000
-0.000336,-19.609390,77.000000,35.600000
-0.000132,-8.540408,77.000000,35.640000
0.000071,1.525456,77.000000,35.680000
0.000273,10.725875,77.000000,35.720000
0.000476,18.583590,77.000000,35.760000
0.000675,26.406663,77.000000,35.800000
0.000878,33.746987,77.000000,35.840000
0.001081,40.681625,77.000000,35.880000
0.001285,46.944988,77.000000,35.920000
0.001485,53.063692,77.000000,35.960000
0.001689,58.805482,77.000000,36.000000
0.001893,64.160769,77.000000,36.040000
0.002092,69.328172,77.000000,36.080000
0.002297,74.653350,77.000000,36.120000
0.002497,78.813574,77.000000,36.160000
0.002698,83.223728,77.000000,36.200000
0.002900,86.972776,77.000000,36.240000
0.003101,91.351794,77.000000,36.280000
0.003301,94.514602,77.000000,36.320000
0.003505,97.995633,77.000000,36.360000
0.003707,101.171380,77.000000,36.400000
0.003910,103.599200,77.000000,36.440000
0.004111,106.181284,77.000000,36.480000
0.004316,108.950549,77.000000,36.520000
0.004513,110.919541,77.000000,36.560000
0.004716,113.004479,77.000000,36.600000
0.004919,114.828251,77.000000,36.640000
0.005124,116.585907,77.000000,36.680000
0.005322,118.197633,77.000000,36.720000
0.005522,119.806953,77.000000,36.760000
0.005725,120.934662,77.000000,36.800000
0.005925,122.230908,77.000000,36.840000
0.006129,123.418762,77.000000,36.880000
0.006329,125.026879,77.000000,36.920000
0.006535,126.359035,77.000000,36.960000
0.006737,127.108715,77.000000,37.000000
0.006933,127.644294,77.000000,37.040000
0.007138,129.263926,77.000000,37.080000
0.007336,129.851259,77.000000,37.120000
0.007542,130.376365,77.000000,37.160000
0.007741,131.259330,77.000000,37.200000
0.007943,131.691226,77.000000,37.240000
0.008142,132.898942,77.000000,37.280000
0.008346,133.979783,77.000000,37.320000
0.008546,134.557522,77.000000,37.360000
0.008750,135.255770,77.000000,37.400000
0.008951,135.681006,77.000000,37.440000
0.009151,136.940946,77.000000,37.480000
0.009355,137.898871,77.000000,37.520000
0.009554,138.699820,77.000000,37.560000
0.009753,139.620852,77.000000,37.600000
0.009961,141.028688,77.000000,37.640000
0.010161,141.854765,77.000000,37.680000
0.010358,143.286380,77.000000,37.720000
0.010561,145.019613,77.000000,37.760000
0.010767,146.300441,77.000000,37.800000
0.010971,147.739611,77.000000,37.840000
0.011170,149.082564,77.000000,37.880000
0.011372,150.668545,77.000000,37.920000
0.011572,152.633025,77.000000,37.960000
0.011771,154.098277,77.000000,38.000000
0.011974,155.838360,77.000000,38.040000
0.012176,157.388181,77.000000,38.080000
0.012377,159.510768,77.000000,38.120000
0.012583,161.287715,77.000000,38.160000
0.012781,162.960862,77.000000,38.200000
0.012982,164.183115,77.000000,38.240000
0.013185,166.401772,77.000000,38.280000
0.013383,167.942292,77.000000,38.320000
0.013587,170.030187,77.000000,38.360000
0.013789,171.906988,77.000000,38.400000
0.013994,173.583142,77.000000,38.440000
0.014194,174.930276,77.000000,38.480000
0.014394,176.901284,77.000000,38.520000
0.014593,178.298998,77.000000,38.560000
0.014795,179.970370,77.000000,38.600000
0.014999,181.359605,77.000000,38.640000
0.015199,183.057909,77.000000,38.680000
0.015398,184.716489,77.000000,38.720000
0.015604,185.878172,77.000000,38.760000
0.015807,187.383178,77.000000,38.800000
0.016008,188.227592,77.000000,38.840000
0.016210,189.668933,77.000000,38.880000
0.016407,190.411160,77.000000,38.920000
0.016612,191.391163,77.000000,38.960000
0.016813,191.880402,77.000000,39.000000
0.017012,192.597574,77.000000,39.040000
0.017219,192.782980,77.000000,39.080000
0.017421,193.346828,77.000000,39.120000
0.017620,193.202583,77.000000,39.160000
0.017822,192.799322,77.000000,39.200000
0.018025,191.770690,77.000000,39.240000
0.018225,190.884864,77.000000,39.280000
0.018427,189.942356,77.000000,39.320000
0.018630,188.048670,77.000000,39.360000
0.018830,186.050083,77.000000,39.400000
0.019035,183.863963,77.000000,39.440000
0.019236,181.553695,77.000000,39.480000
0.019436,179.471361,77.000000,39.520000
0.019637,176.582093,77.000000,39.560000
0.019843,174.004857,77.000000,39.600000
0.020046,170.462846,77.000000,39.640000
0.020243,167.984834,77.000000,39.680000
0.020447,164.569272,77.000000,39.720000
0.020645,161.427089,77.000000,39.760000
0.020849,157.932430,77.000000,39.800000
0.021049,154.705164,77.000000,39.840000
0.021251,151.399579,77.000000,39.880000
0.021456,148.301683,77.000000,39.920000
0.021655,144.731741,77.000000,39.960000
0.021860,141.927907,77.000000,40.000000
0.021969,130.369734,77.000000,40.040000
0.022001,119.016405,77.000000,40.080000
0.021884,98.889417,77.000000,40.120000
0.021705,80.104546,77.000000,40.160000
0.021501,64.401098,77.000000,40.200000
0.021291,51.465154,77.000000,40.240000
0.021077,41.156249,77.000000,40.280000
0.020866,32.561678,77.000000,40.320000
0.020660,25.269815,77.000000,40.360000
0.020455,18.831246,77.000000,40.400000
0.020251,13.114547,77.000000,40.440000
0.020047,8.581814,77.000000,40.480000
0.019845,4.153281,77.000000,40.520000
0.019641,0.583068,77.000000,40.560000
0.019440,-2.725584,77.000000,40.600000
0.019237,-5.954264,77.000000,40.640000
0.019035,-8.319892,77.000000,40.680000
0.018835,-10.822195,77.000000,40.720000
0.018627,-12.706416,77.000000,40.760000
0.018428,-14.162047,77.000000,40.800000
0.018234,-16.199740,77.000000,40.840000
0.018027,-17.571011,77.000000,40.880000
0.017829,-18.839165,77.000000,40.920000
0.017627,-20.120552,77.000000,40.960000
0.017429,-21.294384,77.000000,41.000000
0.017223,-22.650699,77.000000,41.040000
0.017023,-23.512822,77.000000,41.080000
0.016822,-24.565862,77.000000,41.120000
0.016619,-25.412256,77.000000,41.160000
0.016423,-26.175722,77.000000,41.200000
0.016217,-26.922803,77.000000,41.240000
0.016021,-27.935504,77.000000,41.280000
0.015815,-28.505191,77.000000,41.320000
0.015614,-29.471035,77.000000,41.360000
0.015411,-29.932308,77.000000,41.400000
0.015215,-30.853924,77.000000,41.440000
0.015012,-31.615201,77.000000,41.480000
0.014813,-32.230305,77.000000,41.520000
0.014610,-33.110738,77.000000,41.560000
0.014413,-33.870674,77.000000,41.600000
0.014211,-34.893512,77.000000,41.640000
0.014006,-35.668025,77.000000,41.680000
0.013805,-36.310971,77.000000,41.720000
0.013603,-37.079407,77.000000,41.760000
0.013405,-38.006547,77.000000,41.800000
0.013203,-39.060258,77.000000,41.840000
0.013001,-40.252021,77.000000,41.880000
0.012799,-40.986162,77.000000,41.920000
0.012598,-41.668364,77.000000,41.960000
0.012402,-42.960027,77.000000,42.000000
0.012201,-44.089838,77.000000,42.040000
0.012000,-45.365444,77.000000,42.080000
0.011796,-46.620689,77.000000,42.120000
0.011595,-47.869567,77.000000,42.160000
0.011395,-49.269958,77.000000,42.200000
0.011193,-50.742296,77.000000,42.240000
0.010994,-52.110352,77.000000,42.280000
0.010792,-53.598231,77.000000,42.320000
0.010591,-55.023487,77.000000,42.360000
0.010391,-56.187734,77.000000,42.400000
0.010192,-58.144957,77.000000,42.440000
0.009991,-60.089531,77.000000,42.480000
0.009784,-61.688098,77.000000,42.520000
0.009585,-63.253450,77.000000,42.560000
0.009384,-65.286910,77.000000,42.600000
0.009185,-67.030656,77.000000,42.640000
0.008982,-68.905584,77.000000,42.680000
0.008783,-70.945707,77.000000,42.720000
0.008582,-72.675544,77.000000,42.760000
0.008377,-74.665013,77.000000,42.800000
0.008177,-77.073734,77.000000,42.840000
0.007980,-79.327744,77.000000,42.880000
0.007775,-81.409668,77.000000,42.920000
0.007573,-83.676382,77.000000,42.960000
0.007378,-85.947101,77.000000,43.000000
0.007174,-88.522767,77.000000,43.040000
0.006971,-91.260830,77.000000,43.080000
0.006769,-93.663412,77.000000,43.120000
0.006568,-96.071010,77.000000,43.160000
0.006369,-98.811678,77.000000,43.200000
0.006169,-101.724402,77.000000,43.240000
0.005964,-104.545348,77.000000,43.280000
0.005768,-107.439178,77.000000,43.320000
0.005564,-110.560266,77.000000,43.360000
0.005369,-113.710246,77.000000,43.400000
0.005164,-117.095618,77.000000,43.440000
0.004965,-120.353829,77.000000,43.480000
0.004763,-123.976654,77.000000,43.520000
0.004560,-127.203289,77.000000,43.560000
0.004360,-130.934925,77.000000,43.600000
0.004161,-134.902730,77.000000,43.640000
0.003962,-138.662304,77.000000,43.680000
0.003766,-142.698263,77.000000,43.720000
0.003562,-146.844874,77.000000,43.760000
0.003361,-150.945746,77.000000,43.800000
0.003162,-155.685880,77.000000,43.840000
0.002956,-160.195250,77.000000,43.880000
0.002757,-164.951858,77.000000,43.920000
0.002557,-170.031427,77.000000,43.960000
0.002358,-174.866061,77.000000,44.000000
0.002159,-180.288953,77.000000,44.040000
0.001957,-185.547327,77.000000,44.080000
0.001761,-191.102859,77.000000,44.120000
0.001556,-196.962723,77.000000,44.160000
0.001356,-203.172656,77.000000,44.200000
0.001157,-209.587198,77.000000,44.240000
0.000954,-215.732337,77.000000,44.280000
0.000756,-222.443363,77.000000,44.320000
0.000558,-229.223495,77.000000,44.360000
0.000362,-236.440614,77.000000,44.400000
0.000161,-243.857589,77.000000,44.440000
-0.000040,-251.589413,77.000000,44.480000
-0.000239,-259.615050,77.000000,44.520000
-0.000437,-267.628116,77.000000,44.560000
-0.000636,-276.317293,77.000000,44.600000
-0.000835,-285.515675,77.000000,44.640000
-0.001035,-294.616769,77.000000,44.680000
-0.001237,-304.158443,77.000000,44.720000
-0.001439,-314.107311,77.000000,44.760000
-0.001634,-324.237668,77.000000,44.800000
-0.001831,-335.230673,77.000000,44.840000
-0.002032,-346.419514,77.000000,44.880000
-0.002227,-358.162976,77.000000,44.920000
-0.002425,-370.352240,77.000000,44.960000
-0.002623,-382.708031,77.000000,45.000000
-0.002780,-383.101552,77.000000,45.040000
-0.002839,-368.539280,77.000000,45.080000
-0.002819,-335.804803,77.000000,45.120000
-0.002579,-267.491955,77.000000,45.160000
-0.002377,-222.753121,77.000000,45.200000
-0.002167,-183.750679,77.000000,45.240000
-0.001964,-152.068174,77.000000,45.280000
-0.001760,-124.630374,77.000000,45.320000
-0.001554,-100.461221,77.000000,45.360000
-0.001352,-80.259463,77.000000,45.400000
-0.001141,-62.337054,77.000000,45.440000
-0.000945,-46.514215,77.000000,45.480000
-0.000740,-33.480940,77.000000,45.520000
-0.000535,-21.132464,77.000000,45.560000
-0.000336,-9.547813,77.000000,45.600000
-0.000130,-0.179518,77.000000,45.640000
0.000078,9.102661,77.000000,45.680000
0.000275,16.792089,77.000000,45.720000
0.000475,24.446136,77.000000,45.760000
0.000677,31.373942,77.000000,45.800000
0.000881,38.157965,77.000000,45.840000
0.001083,44.176390,77.000000,45.880000
0.001288,49.780008,77.000000,45.920000
0.001485,54.873411,77.000000,45.960000
0.001687,59.649331,77.000000,46.000000
0.001887,64.181681,77.000000,46.040000
0.002094,68.313835,77.000000,46.080000
0.002297,71.902547,77.000000,46.120000
0.002503,75.458766,77.000000,46.160000
0.002698,78.256453,77.000000,46.200000
0.002899,80.343841,77.000000,46.240000
0.003106,82.691625,77.000000,46.280000
0.003306,84.354569,77.000000,46.320000
0.003505,85.873291,77.000000,46.360000
0.003706,87.077941,77.000000,46.400000
0.003914,87.760383,77.000000,46.440000
0.004115,88.495107,77.000000,46.480000
0.004314,88.496412,77.000000,46.520000
0.004515,88.263631,77.000000,46.560000
0.004716,88.234769,77.000000,46.600000
0.004922,87.211117,77.000000,46.640000
0.005127,86.188199,77.000000,46.680000
0.005323,84.592983,77.000000,46.720000
0.005526,82.916720,77.000000,46.760000
0.005729,81.181771,77.000000,46.800000
0.005929,78.667144,77.000000,46.840000
0.006131,76.441908,77.000000,46.880000
0.006330,73.678679,77.000000,46.920000
0.006532,72.083127,77.000000,46.960000
0.006736,70.423307,77.000000,47.000000
0.006938,69.139355,77.000000,47.040000
0.007138,68.027892,77.000000,47.080000
0.007343,66.558906,77.000000,47.120000
0.007545,66.155528,77.000000,47.160000
0.007745,65.530289,77.000000,47.200000
0.007948,65.014616,77.000000,47.240000
0.008143,64.376109,77.000000,47.280000
0.008350,64.026302,77.000000,47.320000
0.008549,63.669778,77.000000,47.360000
0.008747,63.801377,77.000000,47.400000
0.008951,63.593130,77.000000,47.440000
0.009156,63.382874,77.000000,47.480000
0.009356,63.449678,77.000000,47.520000
0.009556,63.580984,77.000000,47.560000
0.009760,63.661812,77.000000,47.600000
0.009961,64.122827,77.000000,47.640000
0.010165,64.152269,77.000000,47.680000
0.010363,64.080286,77.000000,47.720000
0.010564,64.596245,77.000000,47.760000
0.010770,65.091388,77.000000,47.800000
0.010972,65.689400,77.000000,47.840000
0.011171,66.080442,77.000000,47.880000
0.011371,66.568339,77.000000,47.920000
0.011570,66.918563,77.000000,47.960000
0.011775,67.630549,77.000000,48.000000
0.011974,67.984008,77.000000,48.040000
0.012172,68.824652,77.000000,48.080000
0.012378,69.155278,77.000000,48.120000
0.012579,70.151264,77.000000,48.160000
0.012787,70.559637,77.000000,48.200000
0.012979,71.278085,77.000000,48.240000
0.013184,71.738462,77.000000,48.280000
0.013390,72.313348,77.000000,48.320000
0.013592,72.851304,77.000000,48.360000
0.013792,73.343447,77.000000,48.400000
0.013994,74.347391,77.000000,48.440000
0.014193,74.838639,77.000000,48.480000
0.014394,74.719194,77.000000,48.520000
0.014598,75.536059,77.000000,48.560000
0.014796,76.235554,77.000000,48.600000
0.015002,76.848764,77.000000,48.640000
0.015200,77.502776,77.000000,48.680000
0.015404,77.351748,77.000000,48.720000
0.015606,78.139046,77.000000,48.760000
0.015806,78.874188,77.000000,48.800000
0.016009,79.062690,77.000000,48.840000
0.016208,79.609147,77.000000,48.880000
0.016415,79.653551,77.000000,48.920000
0.016615,80.127057,77.000000,48.960000
0.016811,80.353684,77.000000,49.000000
0.017014,80.716436,77.000000,49.040000
0.017218,81.048690,77.000000,49.080000
0.017427,81.319304,77.000000,49.120000
0.017622,81.271100,77.000000,49.160000
0.017822,81.602790,77.000000,49.200000
0.018025,81.590930,77.000000,49.240000
0.018224,81.973280,77.000000,49.280000
0.018429,81.998232,77.000000,49.320000
0.018631,81.862079,77.000000,49.360000
0.018829,81.961354,77.000000,49.400000
0.019032,81.643835,77.000000,49.440000
0.019234,82.086916,77.000000,49.480000
0.019438,81.738306,77.000000,49.520000
0.019639,81.451394,77.000000,49.560000
0.019843,81.584218,77.000000,49.600000
0.020039,81.154339,77.000000,49.640000
0.020241,80.706850,77.000000,49.680000
0.020445,80.642759,77.000000,49.720000
0.020647,80.310490,77.000000,49.760000
0.020851,79.971781,77.000000,49.800000
0.021048,79.610716,77.000000,49.840000
0.021252,79.047588,77.000000,49.880000
0.021453,78.783751,77.000000,49.920000
0.021654,78.271592,77.000000,49.960000
0.021860,77.880652,77.000000,50.000000
0.021954,70.395348,77.000000,50.040000
0.021971,64.098542,77.000000,50.080000
0.021868,50.119649,77.000000,50.120000
0.021691,36.509922,77.000000,50.160000
0.021483,25.503909,77.000000,50.200000
0.021273,17.007084,77.000000,50.240000
0.021066,10.879445,77.000000,50.280000
0.020862,6.059304,77.000000,50.320000
0.020650,2.545575,77.000000,50.360000
0.020441,0.171892,77.000000,50.400000
0.020236,-1.996435,77.000000,50.440000
0.020038,-3.622228,77.000000,50.480000
0.019833,-5.173006,77.000000,50.520000
0.019634,-5.952768,77.000000,50.560000
0.019431,-6.819967,77.000000,50.600000
0.019230,-7.653608,77.000000,50.640000
0.019029,-8.120544,77.000000,50.680000
0.018830,-8.898531,77.000000,50.720000
0.018623,-9.366445,77.000000,50.760000
0.018421,-9.641877,77.000000,50.800000
0.018226,-9.948096,77.000000,50.840000
0.018029,-10.261301,77.000000,50.880000
0.017821,-11.011838,77.000000,50.920000
0.017618,-11.037567,77.000000,50.960000
0.017421,-11.322344,77.000000,51.000000
0.017224,-11.464284,77.000000,51.040000
0.017018,-11.683233,77.000000,51.080000
0.016819,-12.313843,77.000000,51.120000
0.016618,-12.338144,77.000000,51.160000
0.016417,-12.398462,77.000000,51.200000
0.016216,-12.816538,77.000000,51.240000
0.016012,-12.928602,77.000000,51.280000
0.015813,-13.553809,77.000000,51.320000
0.015609,-13.403866,77.000000,51.360000
0.015413,-13.750046,77.000000,51.400000
0.015215,-13.709793,77.000000,51.440000
0.015012,-14.276350,77.000000,51.480000
0.014808,-14.859237,77.000000,51.520000
0.014610,-14.855316,77.000000,51.560000
0.014408,-15.054889,77.000000,51.600000
0.014201,-15.212436,77.000000,51.640000
0.013999,-15.388107,77.000000,51.680000
0.013800,-16.104454,77.000000,51.720000
0.013596,-16.475738,77.000000,51.760000
0.013400,-16.587993,77.000000,51.800000
0.013200,-16.788789,77.000000,51.840000
0.012996,-17.281156,77.000000,51.880000
0.012794,-18.000686,77.000000,51.920000
0.012599,-18.512055,77.000000,51.960000
0.012395,-18.796108,77.000000,52.000000
0.012195,-19.238896,77.000000,52.040000
0.011990,-19.656215,77.000000,52.080000
0.011795,-20.250961,77.000000,52.120000
0.011587,-20.739458,77.000000,52.160000
0.011389,-21.298325,77.000000,52.200000
0.011190,-21.923685,77.000000,52.240000
0.010987,-22.705355,77.000000,52.280000
0.010785,-23.141657,77.000000,52.320000
0.010586,-23.924137,77.000000,52.360000
0.010384,-24.572162,77.000000,52.400000
0.010182,-25.389472,77.000000,52.440000
0.009981,-26.280041,77.000000,52.480000
0.009780,-27.152113,77.000000,52.520000
0.009581,-27.950080,77.000000,52.560000
0.009377,-29.009642,77.000000,52.600000
0.009178,-29.896961,77.000000,52.640000
0.008977,-30.577906,77.000000,52.680000
0.008776,-32.251522,77.000000,52.720000
0.008569,-33.128033,77.000000,52.760000
0.008377,-34.488083,77.000000,52.800000
0.008174,-35.750230,77.000000,52.840000
0.007972,-37.128094,77.000000,52.880000
0.007772,-39.058470,77.000000,52.920000
0.007564,-40.545127,77.000000,52.960000
0.007369,-41.860659,77.000000,53.000000
0.007163,-43.775150,77.000000,53.040000
0.006963,-45.245324,77.000000,53.080000
0.006767,-47.637831,77.000000,53.120000
0.006563,-49.233116,77.000000,53.160000
0.006364,-51.578245,77.000000,53.200000
0.006161,-53.443557,77.000000,53.240000
0.005963,-56.190983,77.000000,53.280000
0.005761,-58.688692,77.000000,53.320000
0.005559,-61.124001,77.000000,53.360000
0.005362,-63.917533,77.000000,53.400000
0.005159,-66.838209,77.000000,53.440000
0.004955,-69.536349,77.000000,53.480000
0.004760,-72.941925,77.000000,53.520000
0.004556,-76.253481,77.000000,53.560000
0.004357,-79.577263,77.000000,53.600000
0.004157,-82.926410,77.000000,53.640000
0.003956,-86.945257,77.000000,53.680000
0.003755,-90.641928,77.000000,53.720000
0.003557,-94.681365,77.000000,53.760000
0.003351,-98.909544,77.000000,53.800000
0.003150,-103.227508,77.000000,53.840000
0.002952,-107.790876,77.000000,53.880000
0.002755,-112.906877,77.000000,53.920000
0.002551,-117.758895,77.000000,53.960000
0.002357,-122.761948,77.000000,54.000000
0.002156,-127.825689,77.000000,54.040000
0.001953,-133.551306,77.000000,54.080000
0.001757,-139.464881,77.000000,54.120000
0.001555,-145.378434,77.000000,54.160000
0.001355,-151.857492,77.000000,54.200000
0.001154,-158.069993,77.000000,54.240000
0.000955,-164.309207,77.000000,54.280000
0.000752,-171.873169,77.000000,54.320000
0.000554,-178.943183,77.000000,54.360000
0.000353,-186.505341,77.000000,54.400000
0.000155,-194.046346,77.000000,54.440000
-0.000045,-202.286831,77.000000,54.480000
-0.000241,-210.978443,77.000000,54.520000
-0.000443,-219.543342,77.000000,54.560000
-0.000642,-228.601616,77.000000,54.600000
-0.000842,-238.038624,77.000000,54.640000
-0.001042,-248.044819,77.000000,54.680000
-0.001236,-258.075586,77.000000,54.720000
-0.001436,-268.754138,77.000000,54.760000
-0.001633,-280.435548,77.000000,54.800000
-0.001835,-291.649533,77.000000,54.840000
-0.002032,-303.727838,77.000000,54.880000
-0.002230,-316.358739,77.000000,54.920000
-0.002426,-329.291067,77.000000,54.960000
-0.002626,-342.915672,77.000000,55.000000
-0.002780,-344.186980,77.000000,55.040000
-0.002835,-330.471542,77.000000,55.080000
-0.002813,-301.049090,77.000000,55.120000
-0.002577,-235.847619,77.000000,55.160000
-0.002374,-192.096652,77.000000,55.200000
-0.002167,-155.934174,77.000000,55.240000
-0.001960,-125.442126,77.000000,55.280000
-0.001756,-99.829264,77.000000,55.320000
-0.001551,-78.349722,77.000000,55.360000
-0.001349,-59.263201,77.000000,55.400000
-0.001148,-42.889691,77.000000,55.440000
-0.000942,-28.740923,77.000000,55.480000
-0.000735,-16.405681,77.000000,55.520000
-0.000535,-5.192832,77.000000,55.560000
-0.000327,4.454284,77.000000,55.600000
-0.000132,13.496862,77.000000,55.640000
0.000073,21.665271,77.000000,55.680000
0.000272,28.917087,77.000000,55.720000
0.000476,35.888706,77.000000,55.760000
0.000681,41.982440,77.000000,55.800000
0.000879,47.993878,77.000000,55.840000
0.001083,52.921715,77.000000,55.880000
0.001287,57.501535,77.000000,55.920000
0.001488,62.111324,77.000000,55.960000
0.001692,65.380463,77.000000,56.000000
0.001895,68.513324,77.000000,56.040000
0.002093,70.790893,77.000000,56.080000
0.002299,72.534005,77.000000,56.120000
0.002499,73.734973,77.000000,56.160000
0.002704,74.094073,77.000000,56.200000
0.002907,74.024459,77.000000,56.240000
0.003106,72.041825,77.000000,56.280000
0.003312,69.528937,77.000000,56.320000
0.003513,65.499344,77.000000,56.360000
0.003714,61.338452,77.000000,56.400000
0.003917,57.551608,77.000000,56.440000
0.004122,53.964276,77.000000,56.480000
0.004319,50.637214,77.000000,56.520000
0.004521,48.442556,77.000000,56.560000
0.004721,46.121104,77.000000,56.600000
0.004922,44.961298,77.000000,56.640000
0.005121,43.710938,77.000000,56.680000
0.005330,42.409448,77.000000,56.720000
0.005527,41.684706,77.000000,56.760000
0.005726,41.033448,77.000000,56.800000
0.005927,40.619672,77.000000,56.840000
0.006129,40.051651,77.000000,56.880000
0.006333,39.951478,77.000000,56.920000
0.006530,39.447064,77.000000,56.960000
0.006737,39.184691,77.000000,57.000000
0.006940,39.196463,77.000000,57.040000
0.007139,38.902206,77.000000,57.080000
0.007340,38.805872,77.000000,57.120000
0.007540,38.776339,77.000000,57.160000
0.007744,38.484814,77.000000,57.200000
0.007944,38.909141,77.000000,57.240000
0.008143,38.671588,77.000000,57.280000
0.008347,38.500873,77.000000,57.320000
0.008549,38.822613,77.000000,57.360000
0.008754,38.678780,77.000000,57.400000
0.008950,38.834059,77.000000,57.440000
0.009152,38.697641,77.000000,57.480000
0.009354,39.145835,77.000000,57.520000
0.009561,39.314654,77.000000,57.560000
0.009762,39.274196,77.000000,57.600000
0.009960,39.233411,77.000000,57.640000
0.010160,39.503698,77.000000,57.680000
0.010362,39.818867,77.000000,57.720000
0.010564,39.829913,77.000000,57.760000
0.010773,40.146680,77.000000,57.800000
0.010966,40.111679,77.000000,57.840000
0.011168,40.307398,77.000000,57.880000
0.011371,40.740049,77.000000,57.920000
0.011574,40.736400,77.000000,57.960000
0.011781,40.832650,77.000000,58.000000
0.011973,41.366890,77.000000,58.040000
0.012177,41.462175,77.000000,58.080000
0.012377,41.712553,77.000000,58.120000
0.012579,42.039662,77.000000,58.160000
0.012787,42.130076,77.000000,58.200000
0.012984,42.653165,77.000000,58.240000
0.013190,43.007585,77.000000,58.280000
0.013392,43.175461,77.000000,58.320000
0.013591,43.490970,77.000000,58.360000
0.013789,43.304717,77.000000,58.400000
0.013993,44.099845,77.000000,58.440000
0.014193,44.350893,77.000000,58.480000
0.014394,44.832970,77.000000,58.520000
0.014596,45.372096,77.000000,58.560000
0.014803,45.506240,77.000000,58.600000
0.015004,45.922733,77.000000,58.640000
0.015199,46.417975,77.000000,58.680000
0.015404,46.860613,77.000000,58.720000
0.015601,47.329491,77.000000,58.760000
0.015811,47.531232,77.000000,58.800000
0.016007,48.144493,77.000000,58.840000
0.016211,48.369037,77.000000,58.880000
0.016412,49.120696,77.000000,58.920000
0.016612,49.429788,77.000000,58.960000
0.016817,49.722083,77.000000,59.000000
0.017018,50.497562,77.000000,59.040000
0.017218,50.569060,77.000000,59.080000
0.017420,51.256636,77.000000,59.120000
0.017622,51.968813,77.000000,59.160000
0.017826,52.176128,77.000000,59.200000
0.018026,52.299835,77.000000,59.240000
0.018228,53.203374,77.000000,59.280000
0.018433,53.546315,77.000000,59.320000
0.018631,53.674489,77.000000,59.360000
0.018834,54.019308,77.000000,59.400000
0.019032,54.727979,77.000000,59.440000
0.019233,54.924299,77.000000,59.480000
0.019435,55.314072,77.000000,59.520000
0.019636,55.776840,77.000000,59.560000
0.019842,55.878440,77.000000,59.600000
0.020044,56.430302,77.000000,59.640000
0.020241,56.859668,77.000000,59.680000
0.020444,57.137301,77.000000,59.720000
0.020648,57.334362,77.000000,59.760000
0.020851,57.292202,77.000000,59.800000
0.021049,57.824907,77.000000,59.840000
0.021250,57.974300,77.000000,59.880000
0.021449,58.007738,77.000000,59.920000
0.021652,58.351765,77.000000,59.960000
0.021859,58.105481,77.000000,60.000000
0.021946,51.980967,77.000000,60.040000
0.021965,47.308286,77.000000,60.080000
0.021861,35.685605,77.000000,60.120000
0.021680,23.763969,77.000000,60.160000
0.021475,15.006511,77.000000,60.200000
0.021265,9.076313,77.000000,60.240000
0.021054,4.969248,77.000000,60.280000
0.020847,2.725375,77.000000,60.320000
0.020642,0.849102,77.000000,60.360000
0.020440,-0.982957,77.000000,60.400000
0.020235,-1.815327,77.000000,60.440000
0.020034,-2.615309,77.000000,60.480000
0.019832,-3.223733,77.000000,60.520000
0.019631,-3.633707,77.000000,60.560000
0.019432,-4.227747,77.000000,60.600000
0.019227,-4.606482,77.000000,60.640000
0.019027,-4.842765,77.000000,60.680000
0.018827,-4.889970,77.000000,60.720000
0.018624,-5.230380,77.000000,60.760000
0.018423,-5.576645,77.000000,60.800000
0.018225,-5.581344,77.000000,60.840000
0.018023,-5.808123,77.000000,60.880000
0.017823,-5.900538,77.000000,60.920000
0.017618,-6.163561,77.000000,60.960000
0.017416,-6.145336,77.000000,61.000000
0.017220,-6.330645,77.000000,61.040000
0.017019,-6.643591,77.000000,61.080000
0.016814,-6.532385,77.000000,61.120000
0.016617,-6.446703,77.000000,61.160000
0.016415,-6.880732,77.000000,61.200000
0.016212,-6.754916,77.000000,61.240000
0.016012,-6.728329,77.000000,61.280000
0.015813,-6.941875,77.000000,61.320000
0.015612,-6.847106,77.000000,61.360000
0.015416,-7.347494,77.000000,61.400000
0.015211,-7.382909,77.000000,61.440000
0.015006,-7.610809,77.000000,61.480000
0.014807,-7.471933,77.000000,61.520000
0.014603,-7.665758,77.000000,61.560000
0.014406,-8.284923,77.000000,61.600000
0.014203,-8.109065,77.000000,61.640000
0.014005,-8.223368,77.000000,61.680000
0.013799,-8.575602,77.000000,61.720000
0.013596,-8.572624,77.000000,61.760000
0.013401,-8.971705,77.000000,61.800000
0.013200,-9.238496,77.000000,61.840000
0.012997,-9.483174,77.000000,61.880000
0.012797,-9.383586,77.000000,61.920000
0.012594,-9.714498,77.000000,61.960000
0.012392,-10.354693,77.000000,62.000000
0.012195,-10.394534,77.000000,62.040000
0.011996,-10.642275,77.000000,62.080000
0.011790,-10.663113,77.000000,62.120000
0.011588,-10.902493,77.000000,62.160000
0.011391,-11.661724,77.000000,62.200000
0.011185,-12.139481,77.000000,62.240000
0.010984,-12.184811,77.000000,62.280000
0.010783,-12.842747,77.000000,62.320000
0.010582,-12.852730,77.000000,62.360000
0.010383,-13.515072,77.000000,62.400000
0.010178,-14.169877,77.000000,62.440000
0.009981,-14.323727,77.000000,62.480000
0.009775,-15.000008,77.000000,62.520000
0.009575,-15.391204,77.000000,62.560000
0.009378,-15.889340,77.000000,62.600000
0.009173,-16.590007,77.000000,62.640000
0.008971,-17.463315,77.000000,62.680000
0.008771,-17.639572,77.000000,62.720000
0.008567,-18.216797,77.000000,62.760000
0.008369,-19.046861,77.000000,62.800000
0.008170,-19.836878,77.000000,62.840000
0.007971,-21.063352,77.000000,62.880000
0.007765,-21.776874,77.000000,62.920000
0.007566,-22.512235,77.000000,62.960000
0.007365,-23.592794,77.000000,63.000000
0.007159,-24.540358,77.000000,63.040000
0.006960,-25.919426,77.000000,63.080000
0.006761,-26.959406,77.000000,63.120000
0.006562,-27.883273,77.000000,63.160000
0.006358,-29.642971,77.000000,63.200000
0.006157,-31.340302,77.000000,63.240000
0.005955,-32.553387,77.000000,63.280000
0.005755,-34.250186,77.000000,63.320000
0.005556,-36.070699,77.000000,63.360000
0.005353,-38.122864,77.000000,63.400000
0.005155,-40.278489,77.000000,63.440000
0.004949,-42.523965,77.000000,63.480000
0.004754,-44.597300,77.000000,63.520000
0.004555,-46.996896,77.000000,63.560000
0.004352,-49.864325,77.000000,63.600000
0.004150,-52.552175,77.000000,63.640000
0.003954,-55.963446,77.000000,63.680000
0.003750,-58.791140,77.000000,63.720000
0.003552,-62.002903,77.000000,63.760000
0.003353,-66.072866,77.000000,63.800000
0.003151,-69.934205,77.000000,63.840000
0.002948,-73.837674,77.000000,63.880000
0.002750,-78.415851,77.000000,63.920000
0.002548,-82.454620,77.000000,63.960000
0.002351,-87.464422,77.000000,64.000000
0.002152,-92.405358,77.000000,64.040000
0.001954,-97.892750,77.000000,64.080000
0.001750,-103.238349,77.000000,64.120000
0.001549,-109.356350,77.000000,64.160000
0.001355,-115.299491,77.000000,64.200000
0.001152,-121.382681,77.000000,64.240000
0.000952,-128.318727,77.000000,64.280000
0.000750,-135.142677,77.000000,64.320000
0.000553,-142.252490,77.000000,64.360000
0.000355,-150.222237,77.000000,64.400000
0.000157,-157.658678,77.000000,64.440000
-0.000047,-166.160249,77.000000,64.480000
-0.000239,-174.588047,77.000000,64.520000
-0.000441,-183.400418,77.000000,64.560000
-0.000640,-193.204088,77.000000,64.600000
-0.000840,-202.681437,77.000000,64.640000
-0.001041,-213.076694,77.000000,64.680000
-0.001238,-223.638800,77.000000,64.720000
-0.001432,-234.947212,77.000000,64.760000
-0.001632,-246.562859,77.000000,64.800000
-0.001827,-259.010261,77.000000,64.840000
-0.002027,-271.791846,77.000000,64.880000
-0.002230,-285.024309,77.000000,64.920000
-0.002427,-298.758524,77.000000,64.960000
-0.002624,-313.148461,77.000000,65.000000
-0.002779,-315.387772,77.000000,65.040000
-0.002826,-302.705118,77.000000,65.080000
-0.002808,-275.187692,77.000000,65.120000
-0.002582,-211.900884,77.000000,65.160000
-0.002374,-169.959503,77.000000,65.200000
-0.002168,-134.553335,77.000000,65.240000
-0.001964,-106.242941,77.000000,65.280000
-0.001755,-81.647444,77.000000,65.320000
-0.001556,-61.054098,77.000000,65.360000
-0.001352,-43.740182,77.000000,65.400000
-0.001143,-28.180063,77.000000,65.440000
-0.000937,-14.959104,77.000000,65.480000
-0.000736,-3.369049,77.000000,65.520000
-0.000532,6.706540,77.000000,65.560000
-0.000334,15.558166,77.000000,65.600000
-0.000133,23.545087,77.000000,65.640000
0.000074,31.360039,77.000000,65.680000
0.000277,38.325028,77.000000,65.720000
0.000480,44.508406,77.000000,65.760000
0.000681,49.607661,77.000000,65.800000
0.000883,54.627134,77.000000,65.840000
0.001085,58.875491,77.000000,65.880000
0.001285,62.308356,77.000000,65.920000
0.001486,65.125825,77.000000,65.960000
0.001692,66.732189,77.000000,66.000000
0.001899,67.389128,77.000000,66.040000
0.002100,66.550523,77.000000,66.080000
0.002305,63.795047,77.000000,66.120000
0.002508,58.499691,77.000000,66.160000
0.002711,52.545885,77.000000,66.200000
0.002908,47.455358,77.000000,66.240000
0.003112,43.083788,77.000000,66.280000
0.003307,40.161514,77.000000,66.320000
0.003508,38.244749,77.000000,66.360000
0.003712,36.457277,77.000000,66.400000
0.003912,35.182086,77.000000,66.440000
0.004115,33.973698,77.000000,66.480000
0.004319,33.352226,77.000000,66.520000
0.004519,32.624954,77.000000,66.560000
0.004720,32.240209,77.000000,66.600000
0.004926,31.693925,77.000000,66.640000
0.005123,30.974707,77.000000,66.680000
0.005325,30.889815,77.000000,66.720000
0.005526,30.559057,77.000000,66.760000
0.005726,30.369070,77.000000,66.800000
0.005930,30.390924,77.000000,66.840000
0.006130,29.728150,77.000000,66.880000
0.006335,30.063932,77.000000,66.920000
0.006537,30.071645,77.000000,66.960000
0.006735,29.499685,77.000000,67.000000
0.006938,29.696006,77.000000,67.040000
0.007140,29.379825,77.000000,67.080000
0.007343,29.368636,77.000000,67.120000
0.007543,29.570810,77.000000,67.160000
0.007744,29.292660,77.000000,67.200000
0.007945,29.379150,77.000000,67.240000
0.008149,29.399512,77.000000,67.280000
0.008349,29.536219,77.000000,67.320000
0.008549,29.577264,77.000000,67.360000
0.008751,29.526409,77.000000,67.400000
0.008951,29.404947,77.000000,67.440000
0.009155,29.653274,77.000000,67.480000
0.009355,29.912119,77.000000,67.520000
0.009557,29.987424,77.000000,67.560000
0.009759,30.217785,77.000000,67.600000
0.009962,30.086600,77.000000,67.640000
0.010166,30.051372,77.000000,67.680000
0.010365,30.245833,77.000000,67.720000
0.010566,30.697675,77.000000,67.760000
0.010767,30.444236,77.000000,67.800000
0.010969,30.730216,77.000000,67.840000
0.011169,30.507274,77.000000,67.880000
0.011372,30.509287,77.000000,67.920000
0.011573,30.906182,77.000000,67.960000
0.011777,30.855965,77.000000,68.000000
0.011978,31.000503,77.000000,68.040000
0.012180,31.179565,77.000000,68.080000
0.012380,31.359745,77.000000,68.120000
0.012584,31.691207,77.000000,68.160000
0.012787,31.651541,77.000000,68.200000
0.012986,31.973799,77.000000,68.240000
0.013188,31.864864,77.000000,68.280000
0.013390,32.443952,77.000000,68.320000
0.013590,32.601311,77.000000,68.360000
0.013793,32.751958,77.000000,68.400000
0.013993,33.286643,77.000000,68.440000
0.014194,33.177195,77.000000,68.480000
0.014397,33.615919,77.000000,68.520000
0.014602,34.121628,77.000000,68.560000
0.014800,34.088002,77.000000,68.600000
0.015001,34.611054,77.000000,68.640000
0.015204,34.504202,77.000000,68.680000
0.015406,35.231338,77.000000,68.720000
0.015608,35.581144,77.000000,68.760000
0.015811,35.773064,77.000000,68.800000
0.016009,35.830403,77.000000,68.840000
0.016211,36.123769,77.000000,68.880000
0.016410,36.594660,77.000000,68.920000
0.016613,37.187098,77.000000,68.960000
0.016818,37.648230,77.000000,69.000000
0.017014,37.988747,77.000000,69.040000
0.017219,37.934092,77.000000,69.080000
0.017418,38.652536,77.000000,69.120000
0.017621,38.881177,77.000000,69.160000
0.017823,39.453137,77.000000,69.200000
0.018024,39.970269,77.000000,69.240000
0.018228,40.360156,77.000000,69.280000
0.018426,40.860426,77.000000,69.320000
0.018631,41.327481,77.000000,69.360000
0.018828,41.723067,77.000000,69.400000
0.019033,42.419965,77.000000,69.440000
0.019238,42.647759,77.000000,69.480000
0.019434,43.585034,77.000000,69.520000
0.019640,43.813935,77.000000,69.560000
0.019837,44.232526,77.000000,69.600000
0.020042,44.780707,77.000000,69.640000
0.020241,45.382232,77.000000,69.680000
0.020443,46.240259,77.000000,69.720000
0.020644,46.748510,77.000000,69.760000
0.020849,47.094139,77.000000,69.800000
0.021046,47.408533,77.000000,69.840000
0.021252,47.556459,77.000000,69.880000
0.021454,48.537324,77.000000,69.920000
0.021654,48.801017,77.000000,69.960000
0.021859,48.996997,77.000000,70.000000
0.021947,43.625221,77.000000,70.040000
0.021959,39.132636,77.000000,70.080000
0.021859,28.445418,77.000000,70.120000
0.021678,18.563762,77.000000,70.160000
0.021470,11.328191,77.000000,70.200000
0.021263,6.608825,77.000000,70.240000
0.021049,3.583368,77.000000,70.280000
0.020845,1.597406,77.000000,70.320000
0.020637,0.811037,77.000000,70.360000
0.020439,-0.191961,77.000000,70.400000
0.020234,-0.922332,77.000000,70.440000
0.020034,-1.458480,77.000000,70.480000
0.019831,-1.875765,77.000000,70.520000
0.019626,-2.346656,77.000000,70.560000
0.019425,-2.231423,77.000000,70.600000
0.019226,-2.799289,77.000000,70.640000
0.019027,-3.033711,77.000000,70.680000
0.018826,-3.062192,77.000000,70.720000
0.018624,-3.279319,77.000000,70.760000
0.018422,-3.205354,77.000000,70.800000
0.018223,-3.141234,77.000000,70.840000
0.018023,-3.620593,77.000000,70.880000
0.017816,-3.503193,77.000000,70.920000
0.017622,-3.560826,77.000000,70.960000
0.017419,-3.546249,77.000000,71.000000
0.017218,-3.473921,77.000000,71.040000
0.017024,-3.797142,77.000000,71.080000
0.016820,-3.835467,77.000000,71.120000
0.016619,-3.750987,77.000000,71.160000
0.016416,-3.831146,77.000000,71.200000
0.016214,-3.790396,77.000000,71.240000
0.016014,-4.064485,77.000000,71.280000
0.015814,-4.117386,77.000000,71.320000
0.015612,-3.949510,77.000000,71.360000
0.015408,-4.138569,77.000000,71.400000
0.015206,-4.191470,77.000000,71.440000
0.015008,-4.397410,77.000000,71.480000
0.014806,-4.409680,77.000000,71.520000
0.014605,-4.723849,77.000000,71.560000
0.014401,-4.549487,77.000000,71.600000
0.014198,-4.760831,77.000000,71.640000
0.014002,-5.121706,77.000000,71.680000
0.013801,-5.005649,77.000000,71.720000
0.013600,-5.286896,77.000000,71.760000
0.013396,-5.387707,77.000000,71.800000
0.013197,-5.559643,77.000000,71.840000
0.012998,-5.985017,77.000000,71.880000
0.012796,-5.987443,77.000000,71.920000
0.012594,-6.085947,77.000000,71.960000
0.012393,-6.389222,77.000000,72.000000
0.012191,-6.392612,77.000000,72.040000
0.011990,-6.789506,77.000000,72.080000
0.011786,-7.148074,77.000000,72.120000
0.011591,-7.212833,77.000000,72.160000
0.011389,-7.557496,77.000000,72.200000
0.011188,-7.667738,77.000000,72.240000
0.010985,-8.023621,77.000000,72.280000
0.010782,-8.099600,77.000000,72.320000
0.010581,-8.510691,77.000000,72.360000
0.010384,-8.721364,77.000000,72.400000
0.010177,-8.978983,77.000000,72.440000
0.009976,-9.583572,77.000000,72.480000
0.009773,-9.798685,77.000000,72.520000
0.009575,-10.330273,77.000000,72.560000
0.009373,-10.709906,77.000000,72.600000
0.009171,-10.932436,77.000000,72.640000
0.008969,-11.355797,77.000000,72.680000
0.008771,-11.847858,77.000000,72.720000
0.008570,-12.058238,77.000000,72.760000
0.008372,-12.712750,77.000000,72.800000
0.008167,-13.233153,77.000000,72.840000
0.007967,-13.837104,77.000000,72.880000
0.007760,-14.387004,77.000000,72.920000
0.007562,-14.926974,77.000000,72.960000
0.007361,-15.577598,77.000000,73.000000
0.007160,-16.453178,77.000000,73.040000
0.006958,-17.316609,77.000000,73.080000
0.006756,-18.131459,77.000000,73.120000
0.006555,-18.962262,77.000000,73.160000
0.006356,-19.775769,77.000000,73.200000
0.006155,-20.855278,77.000000,73.240000
0.005953,-22.348268,77.000000,73.280000
0.005752,-23.111301,77.000000,73.320000
0.005551,-24.544645,77.000000,73.360000
0.005350,-25.669344,77.000000,73.400000
0.005149,-27.044934,77.000000,73.440000
0.004948,-28.801242,77.000000,73.480000
0.004749,-30.639309,77.000000,73.520000
0.004549,-32.410192,77.000000,73.560000
0.004343,-34.164071,77.000000,73.600000
0.004143,-36.244271,77.000000,73.640000
0.003948,-38.744854,77.000000,73.680000
0.003744,-41.206146,77.000000,73.720000
0.003543,-43.865550,77.000000,73.760000
0.003343,-46.703380,77.000000,73.800000
0.003142,-49.800051,77.000000,73.840000
0.002950,-53.411427,77.000000,73.880000
0.002744,-57.122856,77.000000,73.920000
0.002545,-61.062599,77.000000,73.960000
0.002344,-65.201794,77.000000,74.000000
0.002144,-69.577427,77.000000,74.040000
0.001944,-74.629858,77.000000,74.080000
0.001747,-79.484846,77.000000,74.120000
0.001547,-85.140116,77.000000,74.160000
0.001347,-90.572176,77.000000,74.200000
0.001149,-96.498843,77.000000,74.240000
0.000947,-103.177999,77.000000,74.280000
0.000750,-109.756340,77.000000,74.320000
0.000548,-116.650234,77.000000,74.360000
0.000350,-123.937656,77.000000,74.400000
0.000151,-131.663949,77.000000,74.440000
-0.000045,-140.197001,77.000000,74.480000
-0.000244,-148.602516,77.000000,74.520000
-0.000443,-157.625862,77.000000,74.560000
-0.000643,-166.919639,77.000000,74.600000
-0.000844,-176.883366,77.000000,74.640000
-0.001038,-187.277978,77.000000,74.680000
-0.001239,-198.039368,77.000000,74.720000
-0.001436,-209.736019,77.000000,74.760000
-0.001632,-221.606357,77.000000,74.800000
-0.001829,-234.184961,77.000000,74.840000
-0.002030,-247.702304,77.000000,74.880000
-0.002229,-261.290999,77.000000,74.920000
-0.002424,-275.886893,77.000000,74.960000
-0.002619,-291.180230,77.000000,75.000000
-0.002771,-294.088641,77.000000,75.040000
-0.002820,-282.262444,77.000000,75.080000
-0.002812,-257.194601,77.000000,75.120000
-0.002577,-194.065768,77.000000,75.160000
-0.002372,-153.262614,77.000000,75.200000
-0.002162,-119.083599,77.000000,75.240000
-0.001957,-91.342179,77.000000,75.280000
-0.001756,-68.535798,77.000000,75.320000
-0.001547,-48.660896,77.000000,75.360000
-0.001345,-31.901008,77.000000,75.400000
-0.001142,-17.816068,77.000000,75.440000
-0.000940,-5.503352,77.000000,75.480000
-0.000737,5.114458,77.000000,75.520000
-0.000535,14.716211,77.000000,75.560000
-0.000332,23.479588,77.000000,75.600000
-0.000129,31.345428,77.000000,75.640000
0.000073,37.796937,77.000000,75.680000
0.000275,44.180556,77.000000,75.720000
0.000478,49.375511,77.000000,75.760000
0.000681,54.009311,77.000000,75.800000
0.000885,58.131504,77.000000,75.840000
0.001088,61.002927,77.000000,75.880000
0.001289,62.678105,77.000000,75.920000
0.001493,62.757188,77.000000,75.960000
0.001698,60.017738,77.000000,76.000000
0.001899,54.880834,77.000000,76.040000
0.002103,48.056179,77.000000,76.080000
0.002303,41.951378,77.000000,76.120000
0.002505,37.785081,77.000000,76.160000
0.002705,34.922833,77.000000,76.200000
0.002902,32.948055,77.000000,76.240000
0.003108,31.353291,77.000000,76.280000
0.003309,30.205081,77.000000,76.320000
0.003509,29.131392,77.000000,76.360000
0.003708,28.721815,77.000000,76.400000
0.003915,28.101978,77.000000,76.440000
0.004115,27.340703,77.000000,76.480000
0.004314,26.911264,77.000000,76.520000
0.004517,26.469268,77.000000,76.560000
0.004720,26.463191,77.000000,76.600000
0.004923,26.096794,77.000000,76.640000
0.005122,25.542130,77.000000,76.680000
0.005325,25.524457,77.000000,76.720000
0.005527,25.327308,77.000000,76.760000
0.005731,25.195591,77.000000,76.800000
0.005927,25.105675,77.000000,76.840000
0.006132,25.128339,77.000000,76.880000
0.006328,24.847124,77.000000,76.920000
0.006534,24.935785,77.000000,76.960000
0.006733,24.926060,77.000000,77.000000
0.006936,24.953081,77.000000,77.040000
0.007143,24.770216,77.000000,77.080000
0.007340,24.588697,77.000000,77.120000
0.007541,24.365458,77.000000,77.160000
0.007741,24.727385,77.000000,77.200000
0.007941,24.627952,77.000000,77.240000
0.008148,24.695167,77.000000,77.280000
0.008352,24.803930,77.000000,77.320000
0.008550,24.810296,77.000000,77.360000
0.008755,24.695581,77.000000,77.400000
0.008953,24.856934,77.000000,77.440000
0.009157,24.611361,77.000000,77.480000
0.009353,24.920419,77.000000,77.520000
0.009557,24.722980,77.000000,77.560000
0.009758,24.984917,77.000000,77.600000
0.009959,25.171548,77.000000,77.640000
0.010164,25.203799,77.000000,77.680000
0.010366,25.208651,77.000000,77.720000
0.010567,25.349422,77.000000,77.760000
0.010772,25.469421,77.000000,77.800000
0.010968,25.425919,77.000000,77.840000
0.011171,25.456413,77.000000,77.880000
0.011373,25.547000,77.000000,77.920000
0.011572,25.588834,77.000000,77.960000
0.011777,25.756571,77.000000,78.000000
0.011978,26.021489,77.000000,78.040000
0.012180,25.941742,77.000000,78.080000
0.012382,26.216122,77.000000,78.120000
0.012586,25.842566,77.000000,78.160000
0.012783,26.084112,77.000000,78.200000
0.012982,26.591919,77.000000,78.240000
0.013187,26.475862,77.000000,78.280000
0.013384,26.614616,77.000000,78.320000
0.013589,26.717064,77.000000,78.360000
0.013789,27.074410,77.000000,78.400000
0.013993,27.413408,77.000000,78.440000
0.014195,27.522600,77.000000,78.480000
0.014396,27.891308,77.000000,78.520000
0.014601,27.857715,77.000000,78.560000
0.014803,28.004937,77.000000,78.600000
0.015000,28.435425,77.000000,78.640000
0.015202,28.559568,77.000000,78.680000
0.015401,28.955121,77.000000,78.720000
0.015609,28.883615,77.000000,78.760000
0.015811,29.577037,77.000000,78.800000
0.016009,29.944780,77.000000,78.840000
0.016211,30.179201,77.000000,78.880000
0.016412,30.612406,77.000000,78.920000
0.016618,30.551004,77.000000,78.960000
0.016820,30.904169,77.000000,79.000000
0.017016,31.336667,77.000000,79.040000
0.017218,31.484563,77.000000,79.080000
0.017419,31.944904,77.000000,79.120000
0.017621,32.098239,77.000000,79.160000
0.017818,32.674640,77.000000,79.200000
0.018022,33.245895,77.000000,79.240000
0.018222,33.563451,77.000000,79.280000
0.018427,34.028907,77.000000,79.320000
0.018628,34.386132,77.000000,79.360000
0.018831,34.940796,77.000000,79.400000
0.019029,35.447675,77.000000,79.440000
0.019236,36.208950,77.000000,79.480000
0.019437,36.472526,77.000000,79.520000
0.019637,36.624482,77.000000,79.560000
0.019839,37.676817,77.000000,79.600000
0.020040,38.032443,77.000000,79.640000
0.020243,38.363234,77.000000,79.680000
0.020444,39.177415,77.000000,79.720000
0.020646,39.469178,77.000000,79.760000
0.020845,40.184970,77.000000,79.800000
0.021047,41.083628,77.000000,79.840000
0.021253,41.474479,77.000000,79.880000
0.021452,42.137374,77.000000,79.920000
0.021653,42.332096,77.000000,79.960000
0.021853,42.934516,77.000000,80.000000
0.021946,38.105995,77.000000,80.040000
0.021954,34.311498,77.000000,80.080000
0.021854,24.464135,77.000000,80.120000
0.021674,14.922563,77.000000,80.160000
0.021468,8.898854,77.000000,80.200000
0.021254,5.363456,77.000000,80.240000
0.021045,3.213906,77.000000,80.280000
0.020838,1.752081,77.000000,80.320000
0.020637,0.346926,77.000000,80.360000
0.020431,-0.022192,77.000000,80.400000
0.020229,-0.598592,77.000000,80.440000
0.020030,-0.881853,77.000000,80.480000
0.019827,-0.956489,77.000000,80.520000
0.019626,-1.449753,77.000000,80.560000
0.019426,-1.350026,77.000000,80.600000
0.019222,-1.407659,77.000000,80.640000
0.019023,-1.717355,77.000000,80.680000
0.018824,-1.790615,77.000000,80.720000
0.018626,-1.900185,77.000000,80.760000
0.018422,-1.785091,77.000000,80.800000
0.018224,-1.978762,77.000000,80.840000
0.018024,-1.917360,77.000000,80.880000
0.017817,-1.797101,77.000000,80.920000
0.017617,-2.308710,77.000000,80.960000
0.017417,-2.250027,77.000000,81.000000
0.017216,-2.271762,77.000000,81.040000
0.017018,-2.124538,77.000000,81.080000
0.016815,-2.073651,77.000000,81.120000
0.016615,-2.533288,77.000000,81.160000
0.016414,-2.396580,77.000000,81.200000
0.016211,-2.446796,77.000000,81.240000
0.016009,-2.331117,77.000000,81.280000
0.015806,-2.265653,77.000000,81.320000
0.015610,-2.444748,77.000000,81.360000
0.015408,-2.374173,77.000000,81.400000
0.015207,-2.269043,77.000000,81.440000
0.015005,-2.443405,77.000000,81.480000
0.014806,-2.343938,77.000000,81.520000
0.014608,-2.896849,77.000000,81.560000
0.014401,-2.718166,77.000000,81.600000
0.014200,-2.867144,77.000000,81.640000
0.013997,-2.905469,77.000000,81.680000
0.013798,-3.223028,77.000000,81.720000
0.013598,-3.575143,77.000000,81.760000
0.013398,-3.488650,77.000000,81.800000
0.013196,-3.653840,77.000000,81.840000
0.013000,-3.754876,77.000000,81.880000
0.012795,-3.840026,77.000000,81.920000
0.012593,-4.101175,77.000000,81.960000
0.012392,-4.202536,77.000000,82.000000
0.012194,-4.368810,77.000000,82.040000
0.011988,-4.587140,77.000000,82.080000
0.011790,-4.762879,77.000000,82.120000
0.011590,-5.235338,77.000000,82.160000
0.011388,-5.111158,77.000000,82.200000
0.011188,-5.288791,77.000000,82.240000
0.010981,-5.583511,77.000000,82.280000
0.010783,-5.641850,77.000000,82.320000
0.010582,-6.142497,77.000000,82.360000
0.010380,-6.236701,77.000000,82.400000
0.010177,-6.466802,77.000000,82.440000
0.009974,-6.930362,77.000000,82.480000
0.009777,-7.173578,77.000000,82.520000
0.009575,-7.504629,77.000000,82.560000
0.009375,-7.652490,77.000000,82.600000
0.009173,-7.981409,77.000000,82.640000
0.008970,-8.187881,77.000000,82.680000
0.008767,-8.641185,77.000000,82.720000
0.008571,-9.255532,77.000000,82.760000
0.008365,-9.504530,77.000000,82.800000
0.008162,-9.864441,77.000000,82.840000
0.007963,-10.331909,77.000000,82.880000
0.007761,-10.687792,77.000000,82.920000
0.007563,-11.346658,77.000000,82.960000
0.007358,-11.711714,77.000000,83.000000
0.007158,-12.336283,77.000000,83.040000
0.006957,-12.925212,77.000000,83.080000
0.006756,-13.603353,77.000000,83.120000
0.006557,-14.562071,77.000000,83.160000
0.006354,-15.040054,77.000000,83.200000
0.006148,-15.543161,77.000000,83.240000
0.005952,-16.465860,77.000000,83.280000
0.005751,-17.411225,77.000000,83.320000
0.005550,-18.351305,77.000000,83.360000
0.005350,-19.444425,77.000000,83.400000
0.005149,-20.364818,77.000000,83.440000
0.004943,-21.192676,77.000000,83.480000
0.004745,-22.650440,77.000000,83.520000
0.004543,-23.940588,77.000000,83.560000
0.004345,-25.415115,77.000000,83.600000
0.004144,-27.008916,77.000000,83.640000
0.003939,-28.558318,77.000000,83.680000
0.003744,-30.441197,77.000000,83.720000
0.003545,-32.823416,77.000000,83.760000
0.003344,-35.127899,77.000000,83.800000
0.003145,-37.569507,77.000000,83.840000
0.002938,-40.235691,77.000000,83.880000
0.002735,-43.044402,77.000000,83.920000
0.002541,-46.831070,77.000000,83.960000
0.002337,-50.337574,77.000000,84.000000
0.002137,-53.990252,77.000000,84.040000
0.001939,-58.208406,77.000000,84.080000
0.001741,-62.767453,77.000000,84.120000
0.001543,-67.615404,77.000000,84.160000
0.001343,-73.104168,77.000000,84.200000
0.001145,-78.901958,77.000000,84.240000
0.000943,-84.316730,77.000000,84.280000
0.000747,-90.668649,77.000000,84.320000
0.000547,-97.656573,77.000000,84.360000
0.000346,-104.916219,77.000000,84.400000
0.000149,-112.585705,77.000000,84.440000
-0.000051,-120.393876,77.000000,84.480000
-0.000246,-128.689291,77.000000,84.520000
-0.000442,-137.883726,77.000000,84.560000
-0.000646,-147.248825,77.000000,84.600000
-0.000846,-157.305190,77.000000,84.640000
-0.001040,-167.587272,77.000000,84.680000
-0.001237,-178.318839,77.000000,84.720000
-0.001436,-190.102055,77.000000,84.760000
-0.001636,-202.520309,77.000000,84.800000
-0.001833,-215.513191,77.000000,84.840000
-0.002032,-229.026177,77.000000,84.880000
-0.002231,-242.988325,77.000000,84.920000
-0.002423,-257.998953,77.000000,84.960000
-0.002617,-273.706054,77.000000,85.000000
-0.002769,-277.582059,77.000000,85.040000
-0.002817,-266.026307,77.000000,85.080000
-0.002809,-242.946488,77.000000,85.120000
-0.002581,-180.961280,77.000000,85.160000
-0.002373,-140.273810,77.000000,85.200000
-0.002170,-107.631244,77.000000,85.240000
-0.001963,-80.626689,77.000000,85.280000
-0.001758,-57.981848,77.000000,85.320000
-0.001550,-39.527315,77.000000,85.360000
-0.001350,-23.806857,77.000000,85.400000
-0.001139,-9.979382,77.000000,85.440000
-0.000935,1.676515,77.000000,85.480000
-0.000737,12.083393,77.000000,85.520000
-0.000534,21.041268,77.000000,85.560000
-0.000328,29.210467,77.000000,85.600000
-0.000126,36.513395,77.000000,85.640000
0.000072,42.776520,77.000000,85.680000
0.000275,48.669184,77.000000,85.720000
0.000478,53.168703,77.000000,85.760000
0.000682,56.865103,77.000000,85.800000
0.000884,58.816132,77.000000,85.840000
0.001088,59.778876,77.000000,85.880000
0.001293,57.621618,77.000000,85.920000
0.001500,51.684880,77.000000,85.960000
0.001703,44.536887,77.000000,86.000000
0.001905,38.624797,77.000000,86.040000
0.002098,34.849021,77.000000,86.080000
0.002301,31.995652,77.000000,86.120000
0.002503,29.723298,77.000000,86.160000
0.002702,28.454733,77.000000,86.200000
0.002904,27.149594,77.000000,86.240000
0.003104,25.999892,77.000000,86.280000
0.003308,25.859792,77.000000,86.320000
0.003510,24.895705,77.000000,86.360000
0.003712,24.417721,77.000000,86.400000
0.003917,24.004998,77.000000,86.440000
0.004115,23.642800,77.000000,86.480000
0.004314,23.464343,77.000000,86.520000
0.004522,23.026473,77.000000,86.560000
0.004721,22.886494,77.000000,86.600000
0.004920,22.332636,77.000000,86.640000
0.005125,22.478553,77.000000,86.680000
0.005327,22.430885,77.000000,86.720000
0.005525,21.966239,77.000000,86.760000
0.005729,22.004306,77.000000,86.800000
0.005929,21.935606,77.000000,86.840000
0.006127,21.918072,77.000000,86.880000
0.006334,21.992673,77.000000,86.920000
0.006535,21.487294,77.000000,86.960000
0.006735,21.911739,77.000000,87.000000
0.006940,21.593626,77.000000,87.040000
0.007136,21.699307,77.000000,87.080000
0.007338,21.876649,77.000000,87.120000
0.007545,21.572703,77.000000,87.160000
0.007743,21.545565,77.000000,87.200000
0.007945,21.476072,77.000000,87.240000
0.008149,21.612146,77.000000,87.280000
0.008350,21.787177,77.000000,87.320000
0.008549,21.755719,77.000000,87.360000
0.008754,21.599702,77.000000,87.400000
0.008952,21.818346,77.000000,87.440000
0.009153,21.780690,77.000000,87.480000
0.009356,22.054747,77.000000,87.520000
0.009555,21.849218,77.000000,87.560000
0.009765,21.917812,77.000000,87.600000
0.009965,21.892720,77.000000,87.640000
0.010167,22.312022,77.000000,87.680000
0.010368,22.387999,77.000000,87.720000
0.010572,22.349675,77.000000,87.760000
0.010771,22.349004,77.000000,87.800000
0.010970,22.212963,77.000000,87.840000
0.011169,22.443324,77.000000,87.880000
0.011375,22.668576,77.000000,87.920000
0.011573,22.571535,77.000000,87.960000
0.011779,22.692994,77.000000,88.000000
0.011982,22.608516,77.000000,88.040000
0.012182,22.504316,77.000000,88.080000
0.012380,22.803909,77.000000,88.120000
0.012580,22.891071,77.000000,88.160000
0.012783,22.890399,77.000000,88.200000
0.012986,22.936557,77.000000,88.240000
0.013187,23.365288,77.000000,88.280000
0.013387,23.525745,77.000000,88.320000
0.013591,23.615628,77.000000,88.360000
0.013792,23.441969,77.000000,88.400000
0.013991,23.528496,77.000000,88.440000
0.014192,23.958309,77.000000,88.480000
0.014398,24.163028,77.000000,88.520000
0.014600,24.325242,77.000000,88.560000
0.014804,24.492858,77.000000,88.600000
0.015003,24.644814,77.000000,88.640000
0.015204,24.766273,77.000000,88.680000
0.015405,25.382344,77.000000,88.720000
0.015608,25.472898,77.000000,88.760000
0.015807,25.650236,77.000000,88.800000
0.016008,25.803828,77.000000,88.840000
0.016210,25.904896,77.000000,88.880000
0.016411,26.353728,77.000000,88.920000
0.016613,26.520673,77.000000,88.960000
0.016819,26.801284,77.000000,89.000000
0.017018,26.909632,77.000000,89.040000
0.017218,27.486290,77.000000,89.080000
0.017419,27.803317,77.000000,89.120000
0.017623,27.970229,77.000000,89.160000
0.017824,28.514757,77.000000,89.200000
0.018028,28.570757,77.000000,89.240000
0.018227,28.859869,77.000000,89.280000
0.018430,29.610630,77.000000,89.320000
0.018633,29.856357,77.000000,89.360000
0.018830,30.071901,77.000000,89.400000
0.019036,30.399271,77.000000,89.440000
0.019235,31.049601,77.000000,89.480000
0.019435,31.755294,77.000000,89.520000
0.019640,32.065728,77.000000,89.560000
0.019839,32.682880,77.000000,89.600000
0.020044,33.172874,77.000000,89.640000
0.020240,33.823498,77.000000,89.680000
0.020445,34.474240,77.000000,89.720000
0.020643,35.233091,77.000000,89.760000
0.020846,35.700971,77.000000,89.800000
0.021052,36.051038,77.000000,89.840000
0.021250,37.015161,77.000000,89.880000
0.021452,37.687107,77.000000,89.920000
0.021652,38.259998,77.000000,89.960000
0.021855,39.015167,77.000000,90.000000
0.021947,34.321752,77.000000,90.040000
0.021956,31.304570,77.000000,90.080000
0.021856,21.836136,77.000000,90.120000
0.021669,12.837392,77.000000,90.160000
0.021463,7.411114,77.000000,90.200000
0.021253,4.373799,77.000000,90.240000
0.021046,2.573831,77.000000,90.280000
0.020840,1.823187,77.000000,90.320000
0.020635,0.907666,77.000000,90.360000
0.020431,0.272256,77.000000,90.400000
0.020232,-0.094368,77.000000,90.440000
0.020028,-0.216380,77.000000,90.480000
0.019827,-0.402754,77.000000,90.520000
0.019624,-0.545692,77.000000,90.560000
0.019426,-0.756590,77.000000,90.600000
0.019226,-0.839314,77.000000,90.640000
0.019024,-0.821382,77.000000,90.680000
0.018823,-1.014501,77.000000,90.720000
0.018621,-0.938144,77.000000,90.760000
0.018425,-0.926891,77.000000,90.800000
0.018222,-1.186577,77.000000,90.840000
0.018022,-1.109496,77.000000,90.880000
0.017819,-0.884573,77.000000,90.920000
0.017621,-0.923794,77.000000,90.960000
0.017418,-0.914363,77.000000,91.000000
0.017219,-1.167163,77.000000,91.040000
0.017021,-1.116501,77.000000,91.080000
0.016819,-0.936237,77.000000,91.120000
0.016614,-1.109496,77.000000,91.160000
0.016414,-1.016549,77.000000,91.200000
0.016214,-1.224091,77.000000,91.240000
0.016015,-1.078848,77.000000,91.280000
0.015813,-1.133676,77.000000,91.320000
0.015609,-1.094248,77.000000,91.360000
0.015407,-1.361884,77.000000,91.400000
0.015206,-1.493482,77.000000,91.440000
0.015012,-1.313269,77.000000,91.480000
0.014806,-1.155790,77.000000,91.520000
0.014605,-1.405872,77.000000,91.560000
0.014402,-1.705876,77.000000,91.600000
0.014203,-1.953791,77.000000,91.640000
0.014000,-1.607632,77.000000,91.680000
0.013798,-1.885350,77.000000,91.720000
0.013598,-1.989431,77.000000,91.760000
0.013401,-1.932022,77.000000,91.800000
0.013200,-2.246777,77.000000,91.840000
0.012999,-2.376068,77.000000,91.880000
0.012794,-2.499404,77.000000,91.920000
0.012594,-2.493880,77.000000,91.960000
0.012393,-2.543272,77.000000,92.000000
0.012192,-2.884027,77.000000,92.040000
0.011989,-3.374984,77.000000,92.080000
0.011790,-3.198230,77.000000,92.120000
0.011592,-3.410883,77.000000,92.160000
0.011389,-3.587931,77.000000,92.200000
0.011189,-3.926021,77.000000,92.240000
0.010984,-4.008606,77.000000,92.280000
0.010782,-4.366623,77.000000,92.320000
0.010579,-4.495536,77.000000,92.360000
0.010378,-4.673288,77.000000,92.400000
0.010180,-5.111863,77.000000,92.440000
0.009980,-5.160031,77.000000,92.480000
0.009779,-5.133563,77.000000,92.520000
0.009574,-5.390272,77.000000,92.560000
0.009374,-5.594319,77.000000,92.600000
0.009172,-6.278276,77.000000,92.640000
0.008968,-6.446856,77.000000,92.680000
0.008768,-6.317531,77.000000,92.720000
0.008568,-6.960066,77.000000,92.760000
0.008366,-7.219027,77.000000,92.800000
0.008166,-7.635263,77.000000,92.840000
0.007965,-7.906667,77.000000,92.880000
0.007765,-8.265873,77.000000,92.920000
0.007559,-8.453057,77.000000,92.960000
0.007359,-8.869000,77.000000,93.000000
0.007157,-9.456035,77.000000,93.040000
0.006955,-10.093838,77.000000,93.080000
0.006752,-10.591834,77.000000,93.120000
0.006553,-10.601040,77.000000,93.160000
0.006354,-11.313704,77.000000,93.200000
0.006156,-11.874152,77.000000,93.240000
0.005951,-12.662827,77.000000,93.280000
0.005750,-13.239780,77.000000,93.320000
0.005548,-13.958532,77.000000,93.360000
0.005348,-14.878925,77.000000,93.400000
0.005146,-15.866157,77.000000,93.440000
0.004942,-16.793296,77.000000,93.480000
0.004741,-17.662131,77.000000,93.520000
0.004538,-18.873874,77.000000,93.560000
0.004339,-19.816002,77.000000,93.600000
0.004140,-21.408049,77.000000,93.640000
0.003939,-22.760270,77.000000,93.680000
0.003740,-23.755558,77.000000,93.720000
0.003539,-25.529418,77.000000,93.760000
0.003339,-27.407857,77.000000,93.800000
0.003138,-29.388569,77.000000,93.840000
0.002935,-31.816941,77.000000,93.880000
0.002735,-34.312120,77.000000,93.920000
0.002534,-36.764240,77.000000,93.960000
0.002335,-39.917873,77.000000,94.000000
0.002138,-43.190953,77.000000,94.040000
0.001938,-46.696408,77.000000,94.080000
0.001733,-50.607928,77.000000,94.120000
0.001538,-55.083958,77.000000,94.160000
0.001342,-59.703150,77.000000,94.200000
0.001143,-64.965841,77.000000,94.240000
0.000943,-70.527747,77.000000,94.280000
0.000743,-76.548071,77.000000,94.320000
0.000544,-82.936839,77.000000,94.360000
0.000345,-89.603050,77.000000,94.400000
0.000150,-97.310442,77.000000,94.440000
-0.000051,-105.256703,77.000000,94.480000
-0.000248,-113.542516,77.000000,94.520000
-0.000446,-122.316182,77.000000,94.560000
-0.000646,-131.837231,77.000000,94.600000
-0.000842,-142.012954,77.000000,94.640000
-0.001042,-152.189475,77.000000,94.680000
-0.001240,-163.225667,77.000000,94.720000
-0.001441,-174.942416,77.000000,94.760000
-0.001636,-187.260536,77.000000,94.800000
-0.001835,-200.696493,77.000000,94.840000
-0.002028,-214.320057,77.000000,94.880000
-0.002225,-228.878574,77.000000,94.920000
-0.002423,-244.051533,77.000000,94.960000
-0.002622,-260.168878,77.000000,95.000000
-0.002770,-264.869889,77.000000,95.040000
-0.002817,-253.337329,77.000000,95.080000
-0.002808,-231.606933,77.000000,95.120000
-0.002581,-169.728035,77.000000,95.160000
-0.002373,-130.096995,77.000000,95.200000
-0.002166,-97.969171,77.000000,95.240000
-0.001962,-72.091588,77.000000,95.280000
-0.001753,-49.923146,77.000000,95.320000
-0.001551,-31.954581,77.000000,95.360000
-0.001346,-17.130768,77.000000,95.400000
-0.001140,-4.016436,77.000000,95.440000
-0.000940,7.097994,77.000000,95.480000
-0.000735,16.765209,77.000000,95.520000
-0.000534,25.655227,77.000000,95.560000
-0.000332,33.846713,77.000000,95.600000
-0.000129,40.258262,77.000000,95.640000
0.000074,46.181281,77.000000,95.680000
0.000279,50.979722,77.000000,95.720000
0.000481,55.182627,77.000000,95.760000
0.000685,57.436512,77.000000,95.800000
0.000889,57.110867,77.000000,95.840000
0.001093,53.229170,77.000000,95.880000
0.001300,45.768176,77.000000,95.920000
0.001501,38.697502,77.000000,95.960000
0.001697,34.188810,77.000000,96.000000
0.001900,30.714817,77.000000,96.040000
0.002098,28.393331,77.000000,96.080000
0.002300,26.702486,77.000000,96.120000
0.002501,25.578580,77.000000,96.160000
0.002706,24.427946,77.000000,96.200000
0.002904,23.536032,77.000000,96.240000
0.003103,23.091231,77.000000,96.280000
0.003307,22.288533,77.000000,96.320000
0.003508,22.081918,77.000000,96.360000
0.003708,21.789865,77.000000,96.400000
0.003912,21.179201,77.000000,96.440000
0.004111,20.709685,77.000000,96.480000
0.004316,20.445438,77.000000,96.520000
0.004515,20.469448,77.000000,96.560000
0.004720,20.246917,77.000000,96.600000
0.004921,19.898864,77.000000,96.640000
0.005124,19.939201,77.000000,96.680000
0.005325,19.555541,77.000000,96.720000
0.005523,19.434079,77.000000,96.760000
0.005725,19.712229,77.000000,96.800000
0.005930,19.409660,77.000000,96.840000
0.006130,19.386583,77.000000,96.880000
0.006330,19.465950,77.000000,96.920000
0.006533,19.628833,77.000000,96.960000
0.006734,19.555954,77.000000,97.000000
0.006937,19.426955,77.000000,97.040000
0.007137,19.267840,77.000000,97.080000
0.007339,19.116554,77.000000,97.120000
0.007544,19.203718,77.000000,97.160000
0.007744,19.297371,77.000000,97.200000
0.007943,19.423532,77.000000,97.240000
0.008146,19.279405,77.000000,97.280000
0.008350,19.188213,77.000000,97.320000
0.008550,19.389713,77.000000,97.360000
0.008749,19.787692,77.000000,97.400000
0.008955,19.544215,77.000000,97.440000
0.009157,19.557709,77.000000,97.480000
0.009356,19.497529,77.000000,97.520000
0.009555,19.690874,77.000000,97.560000
0.009756,19.756079,77.000000,97.600000
0.009962,19.770015,77.000000,97.640000
0.010166,20.014400,77.000000,97.680000
0.010368,20.015746,77.000000,97.720000
0.010566,20.171762,77.000000,97.760000
0.010766,20.157855,77.000000,97.800000
0.010969,20.218587,77.000000,97.840000
0.011169,20.351528,77.000000,97.880000
0.011375,20.098760,77.000000,97.920000
0.011579,20.272453,77.000000,97.960000
0.011779,20.261234,77.000000,98.000000
0.011977,20.224249,77.000000,98.040000
0.012181,20.394586,77.000000,98.080000
0.012379,20.539795,77.000000,98.120000
0.012582,20.570410,77.000000,98.160000
0.012785,20.816020,77.000000,98.200000
0.012988,20.737615,77.000000,98.240000
0.013187,20.929531,77.000000,98.280000
0.013389,21.047895,77.000000,98.320000
0.013589,20.965427,77.000000,98.360000
0.013790,21.205635,77.000000,98.400000
0.013995,21.235164,77.000000,98.440000
0.014195,21.538146,77.000000,98.480000
0.014397,21.550039,77.000000,98.520000
0.014602,21.842506,77.000000,98.560000
0.014804,22.251291,77.000000,98.600000
0.015003,22.346404,77.000000,98.640000
0.015206,22.416307,77.000000,98.680000
0.015406,22.457609,77.000000,98.720000
0.015605,22.865311,77.000000,98.760000
0.015810,23.156814,77.000000,98.800000
0.016011,23.087582,77.000000,98.840000
0.016212,23.451555,77.000000,98.880000
0.016412,23.457628,77.000000,98.920000
0.016612,23.702189,77.000000,98.960000
0.016815,24.011882,77.000000,99.000000
0.017015,24.117391,77.000000,99.040000
0.017219,24.388536,77.000000,99.080000
0.017424,24.673845,77.000000,99.120000
0.017624,24.855368,77.000000,99.160000
0.017826,25.439184,77.000000,99.200000
0.018030,25.659030,77.000000,99.240000
0.018231,26.001010,77.000000,99.280000
0.018430,26.317312,77.000000,99.320000
0.018633,26.812591,77.000000,99.360000
0.018831,27.135137,77.000000,99.400000
0.019033,27.676453,77.000000,99.440000
0.019230,27.872549,77.000000,99.480000
0.019435,28.378082,77.000000,99.520000
0.019638,28.959595,77.000000,99.560000
0.019839,29.483351,77.000000,99.600000
0.020041,30.034249,77.000000,99.640000
0.020242,30.536015,77.000000,99.680000
0.020438,30.894583,77.000000,99.720000
0.020643,31.806476,77.000000,99.760000
0.020846,32.483945,77.000000,99.800000
0.021051,32.956523,77.000000,99.840000
0.021250,33.971909,77.000000,99.880000
0.021451,34.390540,77.000000,99.920000
0.021650,35.059248,77.000000,99.960000
0.021859,35.917601,77.000000,100.000000
0.021946,31.755327,77.000000,100.040000
0.021958,28.671892,77.000000,100.080000
0.021855,19.587273,77.000000,100.120000
0.021667,11.580545,77.000000,100.160000
0.021461,6.448628,77.000000,100.200000
0.021252,3.945998,77.000000,100.240000
0.021045,2.047200,77.000000,100.280000
0.020839,1.129234,77.000000,100.320000
0.020633,0.871062,77.000000,100.360000
0.020431,0.461229,77.000000,100.400000
0.020228,-0.018801,77.000000,100.440000
0.020027,-0.108013,77.000000,100.480000
0.019829,-0.418414,77.000000,100.520000
0.019626,-0.403838,77.000000,100.560000
0.019428,-0.387919,77.000000,100.600000
0.019226,-0.453382,77.000000,100.640000
0.019026,-0.354327,77.000000,100.680000
0.018826,-0.518174,77.000000,100.720000
0.018623,-0.510344,77.000000,100.760000
0.018420,-0.335311,77.000000,100.800000
0.018223,-0.391568,77.000000,100.840000
0.018027,-0.499091,77.000000,100.880000
0.017823,-0.423783,77.000000,100.920000
0.017619,-0.308397,77.000000,100.960000
