Project Name:,Project Name,Specimen ID/Lab #,Specimen ID,Technician:,Your Name Here,Date:,2/26/2016 6:34 AM,File Version,1.2
Specimen Diamenter:,0.00,inch,Specimen Height:,1.50,Specimen Width:,3.00,Specimen Length:,6.00,Specimen Density:,
Gage 1 Length:,0.000,inch,Gage 2 Length:,0.000,Gage 3 Length:,0.000,Gage 4 Length:,0.000,Load Drop,93
Test Frame:,SWI Overlay,Unit System:,SAE(Inch/lb-f/F),Remarks:,Your Remarks Here,Loading/Unloading Time,5.000000,sec,Temperature:,77.0,F

Actuator PID:,-4.000000,0.000000,0.000000,Load PID:,5.000000,0.000000,0.000000,Pressure PID:,0.000000,0.000000,0.000000

Actuator,Device Name,Device Name,Time
0.00000000/0.00949000/0.00000000/0.00000000/0,-3.03892000/-487.33300000/0.00000000/0.00000000/2,0.00000000/1.00000000/0.00000000/0.00000000/7,sec
[NEW],0.000000,-0.006236,-0.006236,0.000000,6250.000000,0.000000,625.000000,0.000000,5.000000,0.000000,0.000000,1.000000
-0.077565,-6.901130,77.000000,0.499200
-0.077570,-6.653687,77.000000,0.999200
-0.077569,-6.518560,77.000000,1.499200
-0.077531,-6.225496,77.000000,1.999200
-0.077521,-6.179876,77.000000,2.499200
-0.077542,-6.044749,77.000000,2.999200
-0.077552,-6.012873,77.000000,3.499200
-0.077524,-5.757690,77.000000,3.999200
-0.077543,-5.570275,77.000000,4.499200
-0.077526,-5.540389,77.000000,4.999200
[NEW],5.000000,1.327713,1.327713,0.100000,12500000.593718,0.000000,50.000000,0.000000,-4.000000,0.000000,0.000000,0.000000
-0.077536,-5.540389,77.000000,5.040000
-0.077503,-3.999308,77.000000,5.080000
-0.077497,-1.419622,77.000000,5.120000
-0.077468,17.121017,77.000000,5.160000
-0.077180,134.271681,77.000000,5.200000
-0.076849,231.200697,77.000000,5.240000
-0.076602,300.084026,77.000000,5.280000
-0.076388,355.091063,77.180000,5.320000
-0.076179,402.718282,77.180000,5.360000
-0.075974,444.488779,77.180000,5.400000
-0.075779,481.808211,77.180000,5.440000
-0.075578,515.764691,77.180000,5.480000
-0.075389,546.599631,77.180000,5.520000
-0.075209,575.149652,77.180000,5.560000
-0.075016,601.786384,77.180000,5.600000
-0.074827,627.102567,77.180000,5.640000
-0.074579,636.474217,77.180000,5.680000
-0.074317,647.101001,77.180000,5.720000
-0.074097,656.885355,77.180000,5.760000
-0.073913,664.729523,77.180000,5.800000
-0.073715,672.453378,77.180000,5.840000
-0.073534,680.604750,77.180000,5.880000
-0.073356,688.487202,77.180000,5.920000
-0.073164,693.165272,77.180000,5.960000
-0.072985,701.010485,77.180000,6.000000
-0.072784,712.081171,77.180000,6.040000
-0.072579,724.587664,77.180000,6.080000
-0.072371,735.726146,77.180000,6.120000
-0.072157,746.179866,77.180000,6.160000
-0.071959,755.685599,77.180000,6.200000
-0.071742,764.845958,77.180000,6.240000
-0.071530,773.435248,77.180000,6.280000
-0.071331,781.377073,77.180000,6.320000
-0.071109,788.545601,77.180000,6.360000
-0.070910,795.276211,77.180000,6.400000
-0.070681,800.826165,77.180000,6.440000
-0.070473,804.766142,77.180000,6.480000
-0.070272,806.662060,77.180000,6.520000
-0.070087,808.407106,77.180000,6.560000
-0.069897,810.581704,77.180000,6.600000
-0.069698,812.175472,77.180000,6.640000
-0.069508,813.731362,77.180000,6.680000
-0.069308,814.994862,77.180000,6.720000
-0.069113,816.137641,77.180000,6.760000
-0.068913,817.062449,77.180000,6.800000
-0.068702,818.131448,77.180000,6.840000
-0.068515,818.417855,77.180000,6.880000
-0.068307,818.539273,77.180000,6.920000
-0.068115,818.568088,77.180000,6.960000
-0.067909,817.725425,77.180000,7.000000
-0.067694,816.732181,77.180000,7.040000
-0.067473,815.394262,77.180000,7.080000
-0.067257,813.724681,77.180000,7.120000
-0.067046,812.025936,77.180000,7.160000
-0.066826,809.619018,77.180000,7.200000
-0.066624,807.112409,77.180000,7.240000
-0.066389,804.232310,77.180000,7.280000
-0.066195,797.170793,77.180000,7.320000
-0.066015,788.146200,77.180000,7.360000
-0.065832,779.910010,77.180000,7.400000
-0.065643,772.216713,77.180000,7.440000
-0.065461,766.652353,77.180000,7.480000
-0.065246,762.875563,77.180000,7.520000
-0.065051,758.611941,77.180000,7.560000
-0.064841,754.040185,77.180000,7.600000
-0.064609,749.157855,77.180000,7.640000
-0.064393,743.352053,77.180000,7.680000
-0.064186,737.509709,77.180000,7.720000
-0.063958,730.770036,77.180000,7.760000
-0.063769,721.376659,77.180000,7.800000
-0.063547,711.132892,77.180000,7.840000
-0.063376,700.318753,77.180000,7.880000
-0.063163,689.541097,77.180000,7.920000
-0.062962,678.597813,77.180000,7.960000
-0.062776,667.512779,77.180000,8.000000
-0.062579,656.418216,77.180000,8.040000
-0.062359,644.679211,77.180000,8.080000
-0.062156,632.367218,77.180000,8.120000
-0.061940,619.580301,77.180000,8.160000
-0.061744,604.642954,77.180000,8.200000
-0.061538,587.333662,77.180000,8.240000
-0.061340,567.168671,77.180000,8.280000
-0.061126,546.426625,77.180000,8.320000
-0.060922,524.578575,77.180000,8.360000
-0.060702,500.240531,77.180000,8.400000
-0.060470,472.241799,77.180000,8.440000
-0.060268,440.383726,77.180000,8.480000
-0.060064,408.098541,77.180000,8.520000
-0.059849,375.967568,77.180000,8.560000
-0.059657,345.147035,77.180000,8.600000
-0.059487,317.568764,77.180000,8.640000
-0.059309,294.652818,77.180000,8.680000
-0.059107,275.761725,77.180000,8.720000
-0.058916,259.912670,77.180000,8.760000
-0.058718,247.084303,77.180000,8.800000
-0.058511,235.487804,77.180000,8.840000
-0.058313,224.597226,77.180000,8.880000
-0.058107,215.000285,77.180000,8.920000
-0.057935,206.906543,77.180000,8.960000
-0.057709,200.598135,77.180000,9.000000
-0.057507,194.648157,77.180000,9.040000
-0.057301,188.557037,77.180000,9.080000
-0.057103,182.977630,77.180000,9.120000
-0.056894,177.351921,77.180000,9.160000
-0.056712,172.424655,77.180000,9.200000
-0.056520,167.919592,77.180000,9.240000
-0.056325,164.640136,77.180000,9.280000
-0.056116,161.820078,77.180000,9.320000
-0.055907,158.947734,77.180000,9.360000
-0.055705,156.120603,77.180000,9.400000
-0.055492,153.134206,77.180000,9.440000
-0.055288,150.058299,77.180000,9.480000
-0.055091,146.809401,77.180000,9.520000
-0.054889,143.822335,77.180000,9.560000
-0.054689,141.077379,77.180000,9.600000
-0.054487,138.468219,77.180000,9.640000
-0.054304,135.730335,77.180000,9.680000
-0.054103,133.279105,77.180000,9.720000
-0.053898,131.113614,77.180000,9.760000
-0.053719,129.285725,77.180000,9.800000
-0.053525,127.570568,77.180000,9.840000
-0.053319,126.600795,77.180000,9.880000
-0.053089,125.224315,77.180000,9.920000
-0.052885,123.524902,77.180000,9.960000
-0.052666,121.658874,77.180000,10.000000
-0.052537,114.372291,77.180000,10.040000
-0.052498,106.392603,77.180000,10.080000
-0.052677,85.469164,77.180000,10.120000
-0.052888,73.556790,77.180000,10.160000
-0.053093,63.049455,77.180000,10.200000
-0.053276,54.415618,77.180000,10.240000
-0.053488,46.631087,77.180000,10.280000
-0.053705,39.863271,77.180000,10.320000
-0.053908,34.283192,77.180000,10.360000
-0.054100,29.672469,77.180000,10.400000
-0.054305,24.376387,77.180000,10.440000
-0.054505,20.158373,77.180000,10.480000
-0.054706,17.015777,77.180000,10.520000
-0.054903,13.081097,77.180000,10.560000
-0.055114,9.553789,77.180000,10.600000
-0.055315,6.809497,77.180000,10.640000
-0.055500,3.950898,77.180000,10.680000
-0.055711,1.010787,77.180000,10.720000
-0.055906,-1.552758,77.180000,10.760000
-0.056078,-2.862537,77.180000,10.800000
-0.056264,-3.990906,77.180000,10.840000
-0.056427,-5.772098,77.180000,10.880000
-0.056654,-9.910334,77.180000,10.920000
-0.056828,-12.143598,77.180000,10.960000
-0.057065,-14.769162,77.180000,11.000000
-0.057264,-16.844488,77.180000,11.040000
-0.057468,-18.679704,77.180000,11.080000
-0.057690,-20.905227,77.180000,11.120000
-0.057904,-22.583169,77.180000,11.160000
-0.058101,-23.951649,77.180000,11.200000
-0.058327,-25.095089,77.180000,11.240000
-0.058507,-26.508782,77.180000,11.280000
-0.058703,-27.878589,77.180000,11.320000
-0.058921,-29.667521,77.180000,11.360000
-0.059135,-30.787231,77.180000,11.400000
-0.059331,-31.982958,77.180000,11.440000
-0.059539,-33.382245,77.180000,11.480000
-0.059741,-34.533423,77.180000,11.520000
-0.059952,-35.705678,77.180000,11.560000
-0.060149,-36.788427,77.180000,11.600000
-0.060341,-37.865171,77.180000,11.640000
-0.060548,-39.262463,77.180000,11.680000
-0.060739,-40.489407,77.180000,11.720000
-0.060943,-42.001007,77.180000,11.760000
-0.061147,-43.349074,77.180000,11.800000
-0.061356,-44.957925,77.180000,11.840000
-0.061554,-46.355881,77.180000,11.880000
-0.061763,-47.890295,77.180000,11.920000
-0.061955,-49.476332,77.180000,11.960000
-0.062153,-50.740235,77.180000,12.000000
-0.062352,-52.529829,77.180000,12.040000
-0.062550,-54.274211,77.180000,12.080000
-0.062748,-56.139567,77.180000,12.120000
-0.062959,-57.863129,77.180000,12.160000
-0.063165,-59.479718,77.180000,12.200000
-0.063371,-61.164734,77.180000,12.240000
-0.063566,-62.924188,77.180000,12.280000
-0.063767,-64.570912,77.180000,12.320000
-0.063956,-65.977274,77.180000,12.360000
-0.064166,-67.895994,77.180000,12.400000
-0.064369,-69.978650,77.180000,12.440000
-0.064575,-72.114005,77.180000,12.480000
-0.064780,-74.069274,77.180000,12.520000
-0.064976,-75.986004,77.180000,12.560000
-0.065174,-77.912051,77.180000,12.600000
-0.065388,-79.756331,77.180000,12.640000
-0.065577,-81.734416,77.180000,12.680000
-0.065784,-84.006221,77.180000,12.720000
-0.065988,-86.088216,77.180000,12.760000
-0.066191,-88.283597,77.180000,12.800000
-0.066379,-90.532599,77.180000,12.840000
-0.066585,-93.036775,77.180000,12.880000
-0.066786,-95.488005,77.180000,12.920000
-0.066991,-98.022739,77.180000,12.960000
-0.067188,-100.624826,77.180000,13.000000
-0.067391,-103.454608,77.180000,13.040000
-0.067590,-106.386977,77.180000,13.080000
-0.067800,-109.185293,77.180000,13.120000
-0.067987,-112.020420,77.180000,13.160000
-0.068189,-115.133536,77.180000,13.200000
-0.068394,-118.487433,77.180000,13.240000
-0.068600,-121.961375,77.180000,13.280000
-0.068799,-125.662359,77.180000,13.320000
-0.068993,-129.189254,77.180000,13.360000
-0.069198,-133.206105,77.180000,13.400000
-0.069397,-137.253107,77.180000,13.440000
-0.069604,-141.546880,77.180000,13.480000
-0.069802,-145.781034,77.180000,13.520000
-0.069999,-150.112032,77.180000,13.560000
-0.070200,-154.655641,77.180000,13.600000
-0.070411,-159.669759,77.180000,13.640000
-0.070619,-164.619406,77.180000,13.680000
-0.070811,-169.621774,77.180000,13.720000
-0.071013,-174.585581,77.180000,13.760000
-0.071210,-180.527151,77.180000,13.800000
-0.071410,-186.732978,77.180000,13.840000
-0.071620,-192.800612,77.180000,13.880000
-0.071820,-198.523557,77.180000,13.920000
-0.072009,-204.660281,77.180000,13.960000
-0.072210,-211.587367,77.180000,14.000000
-0.072416,-218.943032,77.180000,14.040000
-0.072623,-226.381801,77.180000,14.080000
-0.072810,-233.655306,77.180000,14.120000
-0.073014,-240.919080,77.180000,14.160000
-0.073218,-248.620771,77.180000,14.200000
-0.073430,-257.531934,77.180000,14.240000
-0.073617,-267.030288,77.180000,14.280000
-0.073820,-276.056159,77.180000,14.320000
-0.074013,-285.044820,77.180000,14.360000
-0.074226,-294.099505,77.180000,14.400000
-0.074441,-303.687383,77.180000,14.440000
-0.074630,-314.262086,77.180000,14.480000
-0.074828,-325.527620,77.180000,14.520000
-0.075042,-336.854125,77.180000,14.560000
-0.075238,-348.405660,77.180000,14.600000
-0.075432,-359.764029,77.180000,14.640000
-0.075608,-372.082442,77.180000,14.680000
-0.075809,-384.912552,77.180000,14.720000
-0.076034,-399.358592,77.180000,14.760000
-0.076246,-412.385178,77.180000,14.800000
-0.076439,-427.111177,77.180000,14.840000
-0.076615,-442.611809,77.180000,14.880000
-0.076829,-458.360942,77.180000,14.920000
-0.077055,-475.228976,77.180000,14.960000
-0.077208,-491.676551,77.180000,15.000000
-0.077351,-488.457789,77.180000,15.040000
-0.077426,-471.340587,77.180000,15.080000
-0.077397,-441.018042,77.180000,15.120000
-0.077288,-389.424296,77.180000,15.160000
-0.077120,-329.731899,77.180000,15.200000
-0.076922,-269.211508,77.180000,15.240000
-0.076705,-213.301855,77.180000,15.280000
-0.076471,-163.282140,77.180000,15.320000
-0.076237,-118.835180,77.180000,15.360000
-0.076000,-80.261354,77.180000,15.400000
-0.075761,-52.394701,77.180000,15.440000
-0.075540,-30.591006,77.180000,15.480000
-0.075318,-13.662939,77.180000,15.520000
-0.075192,-10.165517,77.180000,15.560000
-0.075090,-7.706957,77.180000,15.600000
-0.074994,-4.638388,77.180000,15.640000
-0.074921,-2.855461,77.180000,15.680000
-0.074814,2.943911,77.180000,15.720000
-0.074352,42.932504,77.180000,15.760000
-0.073818,60.175783,77.180000,15.800000
-0.073615,50.910453,77.180000,15.840000
-0.073471,48.947854,77.180000,15.880000
-0.073263,52.897602,77.180000,15.920000
-0.073066,56.177061,77.180000,15.960000
-0.072873,59.326730,77.180000,16.000000
-0.072665,61.950305,77.180000,16.040000
-0.072465,64.312287,77.180000,16.080000
-0.072269,66.366535,77.180000,16.120000
-0.072056,67.818109,77.180000,16.160000
-0.071860,68.555504,77.180000,16.200000
-0.071647,68.599394,77.180000,16.240000
-0.071431,67.771161,77.180000,16.280000
-0.071196,65.643547,77.180000,16.320000
-0.071039,60.694139,77.180000,16.360000
-0.070850,59.582579,77.180000,16.400000
-0.070629,58.146073,77.180000,16.440000
-0.070416,56.385294,77.180000,16.480000
-0.070210,54.790855,77.180000,16.520000
-0.070002,52.926417,77.180000,16.560000
-0.069809,50.595243,77.180000,16.600000
-0.069628,48.707077,77.180000,16.640000
-0.069434,48.142688,77.180000,16.680000
-0.069229,48.090399,77.180000,16.720000
-0.069024,47.835218,77.180000,16.760000
-0.068810,47.677281,77.180000,16.800000
-0.068611,47.247762,77.180000,16.840000
-0.068400,47.104896,77.180000,16.880000
-0.068191,47.240689,77.180000,16.920000
-0.067997,47.203468,77.180000,16.960000
-0.067789,47.338596,77.180000,17.000000
-0.067581,47.369147,77.180000,17.040000
-0.067397,47.430502,77.180000,17.080000
-0.067184,47.685683,77.180000,17.120000
-0.066992,47.903647,77.180000,17.160000
-0.066797,48.367728,77.180000,17.200000
-0.066592,48.646386,77.180000,17.240000
-0.066385,48.828458,77.180000,17.280000
-0.066179,49.302271,77.180000,17.320000
-0.065993,49.962832,77.180000,17.360000
-0.065796,50.399428,77.180000,17.400000
-0.065599,50.798138,77.180000,17.440000
-0.065396,51.236059,77.180000,17.480000
-0.065205,51.903033,77.180000,17.520000
-0.065001,52.489825,77.180000,17.560000
-0.064814,53.024328,77.180000,17.600000
-0.064619,53.566569,77.180000,17.640000
-0.064401,54.633582,77.180000,17.680000
-0.064186,55.619084,77.180000,17.720000
-0.063954,56.423175,77.180000,17.760000
-0.063742,56.799741,77.180000,17.800000
-0.063560,56.642468,77.180000,17.840000
-0.063386,56.768530,77.180000,17.880000
-0.063207,57.738961,77.180000,17.920000
-0.062979,59.048740,77.180000,17.960000
-0.062757,60.063464,77.180000,18.000000
-0.062542,61.004009,77.180000,18.040000
-0.062359,61.620691,77.180000,18.080000
-0.062154,62.100501,77.180000,18.120000
-0.061949,62.063953,77.180000,18.160000
-0.061777,62.477731,77.180000,18.200000
-0.061591,63.298630,77.180000,18.240000
-0.061373,64.478626,77.180000,18.280000
-0.061176,65.342748,77.180000,18.320000
-0.060953,66.275297,77.180000,18.360000
-0.060757,66.944264,77.180000,18.400000
-0.060548,67.440878,77.180000,18.440000
-0.060330,68.124921,77.180000,18.480000
-0.060133,68.478673,77.180000,18.520000
-0.059936,68.367023,77.180000,18.560000
-0.059764,68.691300,77.180000,18.600000
-0.059576,69.313312,77.180000,18.640000
-0.059362,70.352842,77.180000,18.680000
-0.059155,71.022470,77.180000,18.720000
-0.058944,71.720252,77.180000,18.760000
-0.058745,72.474044,77.180000,18.800000
-0.058529,72.803658,77.180000,18.840000
-0.058319,73.247995,77.180000,18.880000
-0.058113,73.789575,77.180000,18.920000
-0.057903,74.285122,77.180000,18.960000
-0.057711,74.548704,77.180000,19.000000
-0.057504,74.563112,77.180000,19.040000
-0.057328,74.384101,77.180000,19.080000
-0.057140,74.361952,77.180000,19.120000
-0.056948,75.314922,77.180000,19.160000
-0.056746,75.985210,77.180000,19.200000
-0.056526,76.579743,77.180000,19.240000
-0.056320,76.910026,77.180000,19.280000
-0.056106,77.113582,77.180000,19.320000
-0.055897,77.489483,77.180000,19.360000
-0.055687,77.670230,77.180000,19.400000
-0.055495,77.285259,77.180000,19.440000
-0.055311,76.774229,77.180000,19.480000
-0.055120,76.781971,77.180000,19.520000
-0.054932,76.932167,77.180000,19.560000
-0.054724,77.534441,77.180000,19.600000
-0.054510,77.685298,77.180000,19.640000
-0.054301,77.661828,77.180000,19.680000
-0.054106,77.940479,77.180000,19.720000
-0.053887,77.963296,77.180000,19.760000
-0.053676,77.693039,77.180000,19.800000
-0.053467,77.135723,77.180000,19.840000
-0.053279,76.723273,77.180000,19.880000
-0.053105,76.406730,77.180000,19.920000
-0.052916,76.346043,77.180000,19.960000
-0.052718,76.543187,77.180000,20.000000
-0.052575,73.105794,77.180000,20.040000
-0.052550,67.735273,77.180000,20.080000
-0.052686,53.919660,77.180000,20.120000
-0.052904,43.743930,77.180000,20.160000
-0.053084,36.815522,77.180000,20.200000
-0.053305,30.627831,77.180000,20.240000
-0.053491,26.010442,77.180000,20.280000
-0.053697,22.075100,77.180000,20.320000
-0.053908,18.677577,77.180000,20.360000
-0.054108,15.676111,77.180000,20.400000
-0.054305,12.780959,77.180000,20.440000
-0.054514,10.366284,77.180000,20.480000
-0.054699,8.238668,77.180000,20.520000
-0.054926,6.251521,77.180000,20.560000
-0.055103,4.447519,77.180000,20.600000
-0.055319,2.784648,77.180000,20.640000
-0.055522,1.392694,77.180000,20.680000
-0.055702,-0.086368,77.180000,20.720000
-0.055892,-1.433366,77.180000,20.760000
-0.056120,-2.840390,77.180000,20.800000
-0.056314,-3.652885,77.180000,20.840000
-0.056490,-4.428826,77.180000,20.880000
-0.056677,-5.576280,77.180000,20.920000
-0.056877,-7.569432,77.180000,20.960000
-0.057093,-8.368183,77.180000,21.000000
-0.057279,-9.128389,77.180000,21.040000
-0.057470,-10.389486,77.180000,21.080000
-0.057675,-11.791170,77.180000,21.120000
-0.057896,-13.347065,77.180000,21.160000
-0.058107,-13.933193,77.180000,21.200000
-0.058300,-14.731944,77.180000,21.240000
-0.058478,-15.842844,77.180000,21.280000
-0.058693,-16.791129,77.180000,21.320000
-0.058927,-17.438354,77.180000,21.360000
-0.059120,-18.085174,77.180000,21.400000
-0.059309,-18.544576,77.180000,21.440000
-0.059522,-19.265831,77.180000,21.480000
-0.059744,-20.213453,77.180000,21.520000
-0.059951,-20.304029,77.180000,21.560000
-0.060134,-20.920299,77.180000,21.600000
-0.060312,-21.482953,77.180000,21.640000
-0.060520,-22.808209,77.180000,21.680000
-0.060759,-24.235646,77.180000,21.720000
-0.060957,-23.795039,77.180000,21.760000
-0.061137,-24.568990,77.180000,21.800000
-0.061346,-25.544763,77.180000,21.840000
-0.061538,-25.861299,77.180000,21.880000
-0.061753,-26.695534,77.180000,21.920000
-0.061950,-27.477223,77.180000,21.960000
-0.062155,-28.035200,77.180000,22.000000
-0.062352,-28.719235,77.180000,22.040000
-0.062565,-29.486109,77.180000,22.080000
-0.062759,-29.781571,77.180000,22.120000
-0.062960,-30.726132,77.180000,22.160000
-0.063157,-31.524882,77.180000,22.200000
-0.063364,-32.366856,77.180000,22.240000
-0.063560,-33.058631,77.180000,22.280000
-0.063757,-34.036801,77.180000,22.320000
-0.063971,-34.886515,77.180000,22.360000
-0.064167,-35.797583,77.180000,22.400000
-0.064384,-36.676773,77.180000,22.440000
-0.064582,-37.405766,77.180000,22.480000
-0.064795,-37.804477,77.180000,22.520000
-0.064974,-38.397016,77.180000,22.560000
-0.065165,-39.760414,77.180000,22.600000
-0.065400,-41.135560,77.180000,22.640000
-0.065602,-41.301235,77.180000,22.680000
-0.065778,-42.045965,77.180000,22.720000
-0.065988,-43.573044,77.180000,22.760000
-0.066208,-44.512263,77.180000,22.800000
-0.066399,-44.670201,77.180000,22.840000
-0.066585,-46.161391,77.180000,22.880000
-0.066795,-47.739434,77.180000,22.920000
-0.067010,-48.506973,77.180000,22.960000
-0.067202,-49.589718,77.180000,23.000000
-0.067385,-50.942720,77.180000,23.040000
-0.067604,-52.530494,77.180000,23.080000
-0.067791,-53.853352,77.180000,23.120000
-0.068002,-55.088697,77.180000,23.160000
-0.068209,-56.982611,77.180000,23.200000
-0.068393,-58.779539,77.180000,23.240000
-0.068603,-60.659710,77.180000,23.280000
-0.068810,-62.517736,77.180000,23.320000
-0.069007,-64.337880,77.180000,23.360000
-0.069215,-66.419875,77.180000,23.400000
-0.069416,-68.384875,77.180000,23.440000
-0.069609,-70.398848,77.180000,23.480000
-0.069810,-72.791374,77.180000,23.520000
-0.070009,-75.145360,77.180000,23.560000
-0.070209,-77.974481,77.180000,23.600000
-0.070411,-80.823347,77.180000,23.640000
-0.070618,-83.636732,77.180000,23.680000
-0.070819,-86.787733,77.180000,23.720000
-0.071021,-89.969278,77.180000,23.760000
-0.071218,-93.443895,77.180000,23.800000
-0.071412,-96.843404,77.180000,23.840000
-0.071624,-101.033268,77.180000,23.880000
-0.071818,-105.642255,77.180000,23.920000
-0.072037,-110.207352,77.180000,23.960000
-0.072228,-114.892102,77.180000,24.000000
-0.072432,-119.638607,77.180000,24.040000
-0.072625,-124.768355,77.180000,24.080000
-0.072826,-130.732741,77.180000,24.120000
-0.073026,-137.907659,77.180000,24.160000
-0.073246,-144.440704,77.180000,24.200000
-0.073422,-150.450709,77.180000,24.240000
-0.073616,-157.460623,77.180000,24.280000
-0.073828,-165.785002,77.180000,24.320000
-0.074041,-175.315235,77.180000,24.360000
-0.074231,-183.747248,77.180000,24.400000
-0.074419,-193.537339,77.180000,24.440000
-0.074613,-204.525821,77.180000,24.480000
-0.074851,-217.122898,77.180000,24.520000
-0.075027,-228.305198,77.180000,24.560000
-0.075243,-240.136066,77.180000,24.600000
-0.075457,-256.328445,77.180000,24.640000
-0.075649,-270.062566,77.180000,24.680000
-0.075808,-286.802531,77.180000,24.720000
-0.076053,-304.838557,77.180000,24.760000
-0.076213,-322.443319,77.180000,24.800000
-0.076433,-344.225519,77.180000,24.840000
-0.076651,-365.169792,77.180000,24.880000
-0.076806,-388.485080,77.180000,24.920000
-0.077042,-412.460672,77.180000,24.960000
-0.077244,-437.204072,77.180000,25.000000
-0.077369,-440.121380,77.180000,25.040000
-0.077385,-426.111281,77.180000,25.080000
-0.077374,-401.036539,77.180000,25.120000
-0.077249,-354.663118,77.180000,25.160000
-0.077112,-298.610582,77.180000,25.200000
-0.076916,-239.949306,77.180000,25.240000
-0.076704,-185.421463,77.180000,25.280000
-0.076473,-136.597887,77.180000,25.320000
-0.076246,-94.051761,77.180000,25.360000
-0.075996,-58.553580,77.180000,25.400000
-0.075755,-32.871880,77.180000,25.440000
-0.075524,-13.820876,77.180000,25.480000
-0.075384,-10.420699,77.180000,25.520000
-0.075284,-7.879301,77.180000,25.560000
-0.075197,-4.623317,77.180000,25.600000
-0.075107,-2.643909,77.180000,25.640000
-0.075019,2.402741,77.180000,25.680000
-0.074522,41.496256,77.180000,25.720000
-0.073996,53.353946,77.180000,25.760000
-0.073811,42.917026,77.180000,25.800000
-0.073638,40.998716,77.180000,25.840000
-0.073455,42.089461,77.180000,25.880000
-0.073261,44.119167,77.180000,25.920000
-0.073062,45.503380,77.180000,25.960000
-0.072852,46.217305,77.180000,26.000000
-0.072634,45.939976,77.180000,26.040000
-0.072420,45.216730,77.180000,26.080000
-0.072222,42.744681,77.180000,26.120000
-0.072040,39.079593,77.180000,26.160000
-0.071847,36.758150,77.180000,26.200000
-0.071639,35.779060,77.180000,26.240000
-0.071409,34.041751,77.180000,26.280000
-0.071205,31.664294,77.180000,26.320000
-0.071017,29.273094,77.180000,26.360000
-0.070839,27.858076,77.180000,26.400000
-0.070626,27.423474,77.180000,26.440000
-0.070423,26.995282,77.180000,26.480000
-0.070214,26.461443,77.180000,26.520000
-0.070014,25.880657,77.180000,26.560000
-0.069794,25.444727,77.180000,26.600000
-0.069594,25.031607,77.180000,26.640000
-0.069398,24.836453,77.180000,26.680000
-0.069207,24.692923,77.180000,26.720000
-0.069012,24.468954,77.180000,26.760000
-0.068810,24.566863,77.180000,26.800000
-0.068626,24.625564,77.180000,26.840000
-0.068422,24.993063,77.180000,26.880000
-0.068217,25.640546,77.180000,26.920000
-0.068006,25.866914,77.180000,26.960000
-0.067791,26.115019,77.180000,27.000000
-0.067586,26.402079,77.180000,27.040000
-0.067379,26.662603,77.180000,27.080000
-0.067183,26.814535,77.180000,27.120000
-0.066985,26.964069,77.180000,27.160000
-0.066795,26.957400,77.180000,27.200000
-0.066607,27.349036,77.180000,27.240000
-0.066401,27.761494,77.180000,27.280000
-0.066206,28.431121,77.180000,27.320000
-0.066004,29.138630,77.180000,27.360000
-0.065787,29.364335,77.180000,27.400000
-0.065591,29.784123,77.180000,27.440000
-0.065380,30.327028,77.180000,27.480000
-0.065161,30.904754,77.180000,27.520000
-0.064967,31.162335,77.180000,27.560000
-0.064752,31.311206,77.180000,27.600000
-0.064582,31.567715,77.180000,27.640000
-0.064376,31.989235,77.180000,27.680000
-0.064175,32.529079,77.180000,27.720000
-0.063999,32.965671,77.180000,27.760000
-0.063790,33.651442,77.180000,27.800000
-0.063561,34.201017,77.180000,27.840000
-0.063359,34.710718,77.180000,27.880000
-0.063149,35.320319,77.180000,27.920000
-0.062971,35.863224,77.180000,27.960000
-0.062766,36.258874,77.180000,28.000000
-0.062548,36.690125,77.180000,28.040000
-0.062356,37.253443,77.180000,28.080000
-0.062147,37.825827,77.180000,28.120000
-0.061956,38.134368,77.180000,28.160000
-0.061739,38.509608,77.180000,28.200000
-0.061549,38.877769,77.180000,28.240000
-0.061359,39.575550,77.180000,28.280000
-0.061141,39.961843,77.180000,28.320000
-0.060946,40.449399,77.180000,28.360000
-0.060751,40.833705,77.180000,28.400000
-0.060545,41.209607,77.180000,28.440000
-0.060349,42.028770,77.180000,28.480000
-0.060159,42.623964,77.180000,28.520000
-0.059958,43.133000,77.180000,28.560000
-0.059756,43.578658,77.180000,28.600000
-0.059554,44.412893,77.180000,28.640000
-0.059351,45.104669,77.180000,28.680000
-0.059139,45.706940,77.180000,28.720000
-0.058945,46.443671,77.180000,28.760000
-0.058725,46.812499,77.180000,28.800000
-0.058519,47.495869,77.180000,28.840000
-0.058325,48.150429,77.180000,28.880000
-0.058117,48.647051,77.180000,28.920000
-0.057904,49.338823,77.180000,28.960000
-0.057705,49.677508,77.180000,29.000000
-0.057505,50.324326,77.180000,29.040000
-0.057311,51.038251,77.180000,29.080000
-0.057109,51.512724,77.180000,29.120000
-0.056903,52.165548,77.180000,29.160000
-0.056701,52.596134,77.180000,29.200000
-0.056506,53.032065,77.180000,29.240000
-0.056301,53.874702,77.180000,29.280000
-0.056115,54.408541,77.180000,29.320000
-0.055900,54.685870,77.180000,29.360000
-0.055714,55.257590,77.180000,29.400000
-0.055508,55.679114,77.180000,29.440000
-0.055324,56.265902,77.180000,29.480000
-0.055116,56.995560,77.180000,29.520000
-0.054913,57.318508,77.180000,29.560000
-0.054727,57.695738,77.180000,29.600000
-0.054507,58.123264,77.180000,29.640000
-0.054332,59.011523,77.180000,29.680000
-0.054121,59.567510,77.180000,29.720000
-0.053896,60.116418,77.180000,29.760000
-0.053700,60.726019,77.180000,29.800000
-0.053474,61.093925,77.180000,29.840000
-0.053263,61.649506,77.180000,29.880000
-0.053065,60.861147,77.180000,29.920000
-0.052895,60.273694,77.180000,29.960000
-0.052713,61.454351,77.180000,30.000000
-0.052577,58.666172,77.180000,30.040000
-0.052556,54.385067,77.180000,30.080000
-0.052691,42.457624,77.180000,30.120000
-0.052896,33.951174,77.180000,30.160000
-0.053099,28.016674,77.180000,30.200000
-0.053300,23.317776,77.180000,30.240000
-0.053512,19.614805,77.180000,30.280000
-0.053699,16.571444,77.180000,30.320000
-0.053917,13.660148,77.180000,30.360000
-0.054112,11.103016,77.180000,30.400000
-0.054307,9.126262,77.180000,30.440000
-0.054513,7.606257,77.180000,30.480000
-0.054715,5.950054,77.180000,30.520000
-0.054909,4.350273,77.180000,30.560000
-0.055108,2.635114,77.180000,30.600000
-0.055329,1.256904,77.180000,30.640000
-0.055526,0.304604,77.180000,30.680000
-0.055716,-0.945147,77.180000,30.720000
-0.055925,-2.012825,77.180000,30.760000
-0.056113,-2.758623,77.180000,30.800000
-0.056307,-3.764538,77.180000,30.840000
-0.056487,-4.479788,77.180000,30.880000
-0.056693,-5.291619,77.180000,30.920000
-0.056913,-6.803221,77.180000,30.960000
-0.057092,-7.254885,77.180000,31.000000
-0.057310,-8.186772,77.180000,31.040000
-0.057506,-8.633095,77.180000,31.080000
-0.057696,-9.241369,77.180000,31.120000
-0.057899,-10.277170,77.180000,31.160000
-0.058097,-10.744976,77.180000,31.200000
-0.058304,-11.562812,77.180000,31.240000
-0.058512,-12.353160,77.180000,31.280000
-0.058712,-12.730389,77.180000,31.320000
-0.058919,-13.421501,77.180000,31.360000
-0.059099,-13.978150,77.180000,31.400000
-0.059304,-14.566267,77.180000,31.440000
-0.059510,-14.881478,77.180000,31.480000
-0.059733,-15.363028,77.180000,31.520000
-0.059936,-15.956894,77.180000,31.560000
-0.060136,-16.249958,77.180000,31.600000
-0.060309,-16.393487,77.180000,31.640000
-0.060504,-16.956804,77.180000,31.680000
-0.060741,-18.325948,77.180000,31.720000
-0.060936,-18.144537,77.180000,31.760000
-0.061141,-18.709181,77.180000,31.800000
-0.061351,-19.062936,77.180000,31.840000
-0.061529,-19.573301,77.180000,31.880000
-0.061727,-20.153425,77.180000,31.920000
-0.061947,-21.304602,77.180000,31.960000
-0.062151,-21.468545,77.180000,32.000000
-0.062346,-21.672102,77.180000,32.040000
-0.062560,-22.401095,77.180000,32.080000
-0.062746,-22.801134,77.180000,32.120000
-0.062931,-23.115680,77.180000,32.160000
-0.063158,-24.890868,77.180000,32.200000
-0.063368,-24.636349,77.180000,32.240000
-0.063562,-24.905939,77.180000,32.280000
-0.063759,-25.830750,77.180000,32.320000
-0.063964,-26.461834,77.180000,32.360000
-0.064157,-26.944049,77.180000,32.400000
-0.064363,-27.627421,77.180000,32.440000
-0.064571,-28.133772,77.180000,32.480000
-0.064755,-28.598516,77.180000,32.520000
-0.064971,-29.606830,77.180000,32.560000
-0.065170,-30.155076,77.180000,32.600000
-0.065380,-30.931015,77.180000,32.640000
-0.065574,-31.622129,77.180000,32.680000
-0.065778,-32.268947,77.180000,32.720000
-0.065980,-32.938575,77.180000,32.760000
-0.066190,-33.480153,77.180000,32.800000
-0.066384,-34.208485,77.180000,32.840000
-0.066593,-35.051118,77.180000,32.880000
-0.066790,-36.105053,77.180000,32.920000
-0.066997,-37.007716,77.180000,32.960000
-0.067205,-37.992300,77.180000,33.000000
-0.067410,-38.955658,77.180000,33.040000
-0.067605,-39.843249,77.180000,33.080000
-0.067797,-41.014179,77.180000,33.120000
-0.068006,-42.083182,77.180000,33.160000
-0.068204,-42.979843,77.180000,33.200000
-0.068394,-44.362731,77.180000,33.240000
-0.068605,-45.527652,77.180000,33.280000
-0.068808,-46.942009,77.180000,33.320000
-0.069001,-48.431871,77.180000,33.360000
-0.069206,-50.122893,77.180000,33.400000
-0.069409,-51.552728,77.180000,33.440000
-0.069610,-53.177718,77.180000,33.480000
-0.069817,-55.005194,77.180000,33.520000
-0.070011,-56.944323,77.180000,33.560000
-0.070212,-58.936812,77.180000,33.600000
-0.070404,-61.029609,77.180000,33.640000
-0.070611,-63.412404,77.180000,33.680000
-0.070812,-65.953804,77.180000,33.720000
-0.071017,-68.443580,77.180000,33.760000
-0.071210,-71.069805,77.180000,33.800000
-0.071419,-73.898258,77.180000,33.840000
-0.071614,-77.055671,77.180000,33.880000
-0.071822,-80.688219,77.180000,33.920000
-0.072025,-84.554467,77.180000,33.960000
-0.072221,-88.343630,77.180000,34.000000
-0.072418,-92.473461,77.180000,34.040000
-0.072631,-96.970791,77.180000,34.080000
-0.072821,-102.529131,77.180000,34.120000
-0.073030,-108.130956,77.180000,34.160000
-0.073232,-113.426782,77.180000,34.200000
-0.073433,-119.299923,77.180000,34.240000
-0.073618,-126.211934,77.180000,34.280000
-0.073824,-134.085309,77.180000,34.320000
-0.074039,-141.675342,77.180000,34.360000
-0.074238,-149.887394,77.180000,34.400000
-0.074426,-158.694640,77.180000,34.440000
-0.074625,-169.334046,77.180000,34.480000
-0.074826,-181.527061,77.180000,34.520000
-0.075026,-192.070958,77.180000,34.560000
-0.075213,-203.863934,77.180000,34.600000
-0.075444,-219.845038,77.180000,34.640000
-0.075623,-234.593853,77.180000,34.680000
-0.075840,-249.756462,77.180000,34.720000
-0.076038,-269.776566,77.180000,34.760000
-0.076216,-288.607618,77.180000,34.800000
-0.076412,-308.748442,77.180000,34.840000
-0.076618,-333.350032,77.180000,34.880000
-0.076809,-357.454362,77.180000,34.920000
-0.077008,-383.866355,77.180000,34.960000
-0.077223,-412.294986,77.180000,35.000000
-0.077357,-417.711148,77.180000,35.040000
-0.077384,-404.850480,77.180000,35.080000
-0.077371,-381.535192,77.180000,35.120000
-0.077264,-336.273992,77.180000,35.160000
-0.077110,-280.711426,77.180000,35.200000
-0.076914,-223.058469,77.180000,35.240000
-0.076703,-169.170771,77.180000,35.280000
-0.076463,-121.466082,77.180000,35.320000
-0.076230,-79.559186,77.180000,35.360000
-0.075978,-45.225778,77.180000,35.400000
-0.075741,-22.093623,77.180000,35.440000
-0.075552,-11.143688,77.180000,35.480000
-0.075440,-9.353022,77.180000,35.520000
-0.075340,-5.900556,77.180000,35.560000
-0.075264,-3.750794,77.180000,35.600000
-0.075174,-0.643681,77.180000,35.640000
-0.074933,23.400614,77.180000,35.680000
-0.074284,50.700892,77.180000,35.720000
-0.073990,41.818544,77.180000,35.760000
-0.073834,36.206585,77.180000,35.800000
-0.073667,35.935926,77.180000,35.840000
-0.073445,37.592127,77.180000,35.880000
-0.073247,38.246022,77.180000,35.920000
-0.073016,37.637746,77.180000,35.960000
-0.072828,35.365277,77.180000,36.000000
-0.072641,32.642059,77.180000,36.040000
-0.072429,29.898174,77.180000,36.080000
-0.072229,27.469757,77.180000,36.120000
-0.072037,25.830359,77.180000,36.160000
-0.071821,24.520580,77.180000,36.200000
-0.071593,22.730984,77.180000,36.240000
-0.071422,20.557085,77.180000,36.280000
-0.071229,18.932095,77.180000,36.320000
-0.071038,18.466688,77.180000,36.360000
-0.070832,18.210179,77.180000,36.400000
-0.070612,17.834940,77.180000,36.440000
-0.070408,17.549207,77.180000,36.480000
-0.070204,16.910128,77.180000,36.520000
-0.070009,16.361882,77.180000,36.560000
-0.069824,16.187139,77.180000,36.600000
-0.069629,16.442323,77.180000,36.640000
-0.069422,16.608663,77.180000,36.680000
-0.069217,16.985226,77.180000,36.720000
-0.068994,17.167300,77.180000,36.760000
-0.068795,17.331650,77.180000,36.800000
-0.068586,17.525733,77.180000,36.840000
-0.068401,17.314182,77.180000,36.880000
-0.068201,17.314844,77.180000,36.920000
-0.068017,17.774248,77.180000,36.960000
-0.067804,18.398256,77.180000,37.000000
-0.067587,18.917688,77.180000,37.040000
-0.067380,19.308661,77.180000,37.080000
-0.067178,19.285850,77.180000,37.120000
-0.066985,19.330143,77.180000,37.160000
-0.066798,19.534364,77.180000,37.200000
-0.066607,19.963883,77.180000,37.240000
-0.066395,20.640587,77.180000,37.280000
-0.066175,21.135473,77.180000,37.320000
-0.065967,21.355173,77.180000,37.360000
-0.065764,21.579805,77.180000,37.400000
-0.065591,21.827250,77.180000,37.440000
-0.065394,21.956370,77.180000,37.480000
-0.065191,22.670956,77.180000,37.520000
-0.064968,23.153170,77.180000,37.560000
-0.064768,23.655796,77.180000,37.600000
-0.064548,24.159084,77.180000,37.640000
-0.064360,24.301952,77.180000,37.680000
-0.064184,24.617825,77.180000,37.720000
-0.063973,24.882736,77.180000,37.760000
-0.063784,25.355884,77.180000,37.800000
-0.063590,25.880657,77.180000,37.840000
-0.063376,26.565356,77.180000,37.880000
-0.063178,27.015695,77.180000,37.920000
-0.062971,27.384928,77.180000,37.960000
-0.062763,27.800036,77.180000,38.000000
-0.062535,28.168199,77.180000,38.040000
-0.062354,28.515286,77.180000,38.080000
-0.062160,28.821430,77.180000,38.120000
-0.061955,29.137969,77.180000,38.160000
-0.061765,29.648995,77.180000,38.200000
-0.061573,30.063442,77.180000,38.240000
-0.061356,30.484301,77.180000,38.280000
-0.061160,31.093238,77.180000,38.320000
-0.060957,31.560381,77.180000,38.360000
-0.060764,32.229348,77.180000,38.400000
-0.060558,32.709826,77.180000,38.440000
-0.060343,33.071985,77.180000,38.480000
-0.060148,33.476036,77.180000,38.520000
-0.059937,33.937431,77.180000,38.560000
-0.059739,34.567852,77.180000,38.600000
-0.059532,34.945082,77.180000,38.640000
-0.059332,35.478256,77.180000,38.680000
-0.059130,35.750245,77.180000,38.720000
-0.058932,36.387996,77.180000,38.760000
-0.058733,37.086439,77.180000,38.800000
-0.058520,37.568653,77.180000,38.840000
-0.058323,38.042466,77.180000,38.880000
-0.058127,38.561897,77.180000,38.920000
-0.057920,39.081328,77.180000,38.960000
-0.057719,39.719080,77.180000,39.000000
-0.057520,40.261985,77.180000,39.040000
-0.057324,40.712320,77.180000,39.080000
-0.057120,41.382613,77.180000,39.120000
-0.056924,41.825210,77.180000,39.160000
-0.056722,42.442552,77.180000,39.200000
-0.056511,43.110190,77.180000,39.240000
-0.056326,43.593730,77.180000,39.280000
-0.056122,44.089687,77.180000,39.320000
-0.055907,44.661408,77.180000,39.360000
-0.055719,45.248200,77.180000,39.400000
-0.055530,45.842729,77.180000,39.440000
-0.055335,46.368827,77.180000,39.480000
-0.055109,46.895335,77.180000,39.520000
-0.054919,47.908991,77.180000,39.560000
-0.054698,48.736556,77.180000,39.600000
-0.054486,49.255988,77.180000,39.640000
-0.054276,49.678172,77.180000,39.680000
-0.054081,50.180800,77.180000,39.720000
-0.053883,50.737448,77.180000,39.760000
-0.053692,51.444957,77.180000,39.800000
-0.053478,51.745760,77.180000,39.840000
-0.053292,52.060970,77.180000,39.880000
-0.053098,52.400980,77.180000,39.920000
-0.052900,52.718184,77.180000,39.960000
-0.052709,53.167193,77.180000,40.000000
-0.052565,50.813210,77.180000,40.040000
-0.052549,46.902004,77.180000,40.080000
-0.052695,35.349134,77.180000,40.120000
-0.052895,28.295993,77.180000,40.160000
-0.053099,23.053527,77.180000,40.200000
-0.053292,19.001190,77.180000,40.240000
-0.053513,15.674784,77.180000,40.280000
-0.053701,12.772555,77.180000,40.320000
-0.053899,10.524221,77.180000,40.360000
-0.054116,8.643384,77.180000,40.400000
-0.054316,6.862856,77.180000,40.440000
-0.054527,5.139958,77.180000,40.480000
-0.054711,3.802027,77.180000,40.520000
-0.054919,2.688729,77.180000,40.560000
-0.055125,1.770586,77.180000,40.600000
-0.055315,0.619815,77.180000,40.640000
-0.055522,-0.667155,77.180000,40.680000
-0.055714,-1.493393,77.180000,40.720000
-0.055919,-2.184506,77.180000,40.760000
-0.056105,-2.959783,77.180000,40.800000
-0.056297,-3.765202,77.180000,40.840000
-0.056497,-4.419760,77.180000,40.880000
-0.056687,-5.050844,77.180000,40.920000
-0.056922,-6.359960,77.180000,40.960000
-0.057122,-6.593659,77.180000,41.000000
-0.057294,-7.164715,77.180000,41.040000
-0.057508,-8.013764,77.180000,41.080000
-0.057689,-8.721274,77.180000,41.120000
-0.057900,-9.074366,77.180000,41.160000
-0.058075,-9.495888,77.180000,41.200000
-0.058298,-10.030390,77.180000,41.240000
-0.058499,-10.579299,77.180000,41.280000
-0.058682,-11.406202,77.180000,41.320000
-0.058909,-11.986325,77.180000,41.360000
-0.059129,-12.137593,77.180000,41.400000
-0.059300,-12.534571,77.180000,41.440000
-0.059505,-13.204200,77.180000,41.480000
-0.059711,-13.596907,77.180000,41.520000
-0.059923,-14.188375,77.180000,41.560000
-0.060108,-14.257470,77.180000,41.600000
-0.060316,-14.587088,77.180000,41.640000
-0.060517,-15.376771,77.180000,41.680000
-0.060745,-15.940089,77.180000,41.720000
-0.060935,-15.858985,77.180000,41.760000
-0.061148,-16.407895,77.180000,41.800000
-0.061332,-16.812612,77.180000,41.840000
-0.061514,-17.062453,77.180000,41.880000
-0.061757,-18.211897,77.180000,41.920000
-0.061961,-18.091178,77.180000,41.960000
-0.062151,-18.303138,77.180000,42.000000
-0.062356,-18.957289,77.180000,42.040000
-0.062562,-19.159518,77.180000,42.080000
-0.062740,-19.386550,77.180000,42.120000
-0.062947,-20.115543,77.180000,42.160000
-0.063191,-20.738888,77.180000,42.200000
-0.063360,-20.596022,77.180000,42.240000
-0.063572,-21.378375,77.180000,42.280000
-0.063779,-21.829375,77.180000,42.320000
-0.063966,-22.063075,77.180000,42.360000
-0.064177,-22.342138,77.180000,42.400000
-0.064375,-22.987222,77.180000,42.440000
-0.064566,-23.476105,77.180000,42.480000
-0.064769,-24.048231,77.180000,42.520000
-0.064989,-24.565929,77.180000,42.560000
-0.065201,-24.951559,77.180000,42.600000
-0.065385,-25.470990,77.180000,42.640000
-0.065590,-26.056455,77.180000,42.680000
-0.065777,-26.763302,77.180000,42.720000
-0.065991,-27.343424,77.180000,42.760000
-0.066183,-28.109635,77.180000,42.800000
-0.066404,-29.012963,77.180000,42.840000
-0.066610,-29.614569,77.180000,42.880000
-0.066800,-30.344889,77.180000,42.920000
-0.066996,-31.021594,77.180000,42.960000
-0.067187,-31.946404,77.180000,43.000000
-0.067406,-33.284998,77.180000,43.040000
-0.067611,-33.803765,77.180000,43.080000
-0.067807,-34.646402,77.180000,43.120000
-0.068004,-35.932708,77.180000,43.160000
-0.068226,-36.737870,77.180000,43.200000
-0.068412,-37.767924,77.180000,43.240000
-0.068600,-39.203765,77.180000,43.280000
-0.068810,-40.414308,77.180000,43.320000
-0.069009,-41.655656,77.180000,43.360000
-0.069216,-42.888344,77.180000,43.400000
-0.069420,-44.596428,77.180000,43.440000
-0.069615,-45.965573,77.180000,43.480000
-0.069815,-47.800789,77.180000,43.520000
-0.070021,-49.477403,77.180000,43.560000
-0.070232,-51.281405,77.180000,43.600000
-0.070421,-53.348992,77.180000,43.640000
-0.070622,-55.252637,77.180000,43.680000
-0.070810,-57.380915,77.180000,43.720000
-0.071020,-59.728232,77.180000,43.760000
-0.071230,-62.269628,77.180000,43.800000
-0.071430,-65.012853,77.180000,43.840000
-0.071623,-67.774613,77.180000,43.880000
-0.071822,-70.646288,77.180000,43.920000
-0.072028,-74.114900,77.180000,43.960000
-0.072225,-77.754114,77.180000,44.000000
-0.072433,-81.695870,77.180000,44.040000
-0.072632,-85.885734,77.180000,44.080000
-0.072835,-90.352513,77.180000,44.120000
-0.073030,-95.181861,77.180000,44.160000
-0.073219,-101.115036,77.180000,44.200000
-0.073447,-107.371819,77.180000,44.240000
-0.073642,-113.525354,77.180000,44.280000
-0.073840,-120.216997,77.180000,44.320000
-0.074037,-127.498904,77.180000,44.360000
-0.074227,-136.793041,77.180000,44.400000
-0.074444,-146.005671,77.180000,44.440000
-0.074649,-155.570733,77.180000,44.480000
-0.074843,-165.123769,77.180000,44.520000
-0.075035,-177.044146,77.180000,44.560000
-0.075241,-191.108258,77.180000,44.600000
-0.075423,-205.224263,77.180000,44.640000
-0.075623,-219.807160,77.180000,44.680000
-0.075819,-235.954604,77.180000,44.720000
-0.076050,-255.502224,77.180000,44.760000
-0.076229,-275.243008,77.180000,44.800000
-0.076412,-295.460256,77.180000,44.840000
-0.076613,-319.902580,77.180000,44.880000
-0.076837,-345.302274,77.180000,44.920000
-0.077038,-372.398999,77.180000,44.960000
-0.077239,-401.789649,77.180000,45.000000
-0.077373,-409.325015,77.180000,45.040000
-0.077379,-396.966721,77.180000,45.080000
-0.077369,-373.044489,77.180000,45.120000
-0.077262,-326.837393,77.180000,45.160000
-0.077101,-271.498142,77.180000,45.200000
-0.076913,-214.295099,77.180000,45.240000
-0.076706,-161.107586,77.000000,45.280000
-0.076484,-114.109081,77.000000,45.320000
-0.076229,-73.031486,77.000000,45.360000
-0.075992,-38.992875,77.000000,45.400000
-0.075750,-16.092022,77.000000,45.440000
-0.075578,-10.610513,77.000000,45.480000
-0.075487,-7.819937,77.000000,45.520000
-0.075391,-4.502598,77.000000,45.560000
-0.075313,-2.681126,77.000000,45.600000
-0.075218,2.199184,77.000000,45.640000
-0.074715,39.705998,77.000000,45.680000
-0.074188,47.375813,77.000000,45.720000
-0.074021,34.860914,77.000000,45.760000
-0.073844,32.500265,77.000000,45.800000
-0.073651,32.125024,77.000000,45.840000
-0.073439,32.417425,77.000000,45.880000
-0.073230,31.701514,77.000000,45.920000
-0.073023,30.024900,77.000000,45.960000
-0.072807,27.226584,77.000000,46.000000
-0.072622,23.000574,77.000000,46.040000
-0.072441,21.128805,77.000000,46.080000
-0.072236,20.542013,77.000000,46.120000
-0.071996,18.805627,77.000000,46.160000
-0.071810,16.399763,77.000000,46.200000
-0.071622,14.675537,77.000000,46.240000
-0.071438,13.826489,77.000000,46.280000
-0.071228,13.870374,77.000000,46.320000
-0.071011,13.358682,77.000000,46.360000
-0.070801,12.856057,77.000000,46.400000
-0.070606,12.103590,77.000000,46.440000
-0.070408,11.908436,77.000000,46.480000
-0.070224,11.764906,77.000000,46.520000
-0.070021,12.239381,77.000000,46.560000
-0.069823,12.344365,77.000000,46.600000
-0.069602,12.359435,77.000000,46.640000
-0.069389,12.478829,77.000000,46.680000
-0.069195,12.390648,77.000000,46.720000
-0.069010,12.674646,77.000000,46.760000
-0.068809,12.771892,77.000000,46.800000
-0.068611,12.698119,77.000000,46.840000
-0.068404,13.419373,77.000000,46.880000
-0.068200,13.734584,77.000000,46.920000
-0.067996,14.044453,77.000000,46.960000
-0.067787,14.224537,77.000000,47.000000
-0.067578,14.434762,77.000000,47.040000
-0.067378,14.503194,77.000000,47.080000
-0.067198,14.922980,77.000000,47.120000
-0.067002,15.277399,77.000000,47.160000
-0.066796,15.458146,77.000000,47.200000
-0.066602,15.783087,77.000000,47.240000
-0.066403,16.098298,77.000000,47.280000
-0.066205,16.501687,77.000000,47.320000
-0.065987,17.014706,77.000000,47.360000
-0.065789,17.293362,77.000000,47.400000
-0.065584,17.616312,77.000000,47.440000
-0.065385,17.894968,77.000000,47.480000
-0.065165,18.398256,77.000000,47.520000
-0.064956,18.759750,77.000000,47.560000
-0.064759,18.932760,77.000000,47.600000
-0.064571,19.023336,77.000000,47.640000
-0.064374,19.465934,77.000000,47.680000
-0.064196,19.865973,77.000000,47.720000
-0.063982,20.511465,77.000000,47.760000
-0.063766,21.068777,77.000000,47.800000
-0.063533,21.235117,77.000000,47.840000
-0.063349,21.295145,77.000000,47.880000
-0.063152,21.850059,77.000000,47.920000
-0.062983,22.119649,77.000000,47.960000
-0.062773,22.804757,77.000000,48.000000
-0.062564,23.099811,77.000000,48.040000
-0.062356,23.559214,77.000000,48.080000
-0.062129,24.046769,77.000000,48.120000
-0.061950,24.257658,77.000000,48.160000
-0.061747,24.114537,77.000000,48.200000
-0.061561,24.670114,77.000000,48.240000
-0.061354,25.160730,77.000000,48.280000
-0.061154,25.814216,77.000000,48.320000
-0.060944,26.220004,77.000000,48.360000
-0.060737,26.626711,77.000000,48.400000
-0.060532,26.828942,77.000000,48.440000
-0.060316,27.279942,77.000000,48.480000
-0.060136,27.544855,77.000000,48.520000
-0.059944,28.009601,77.000000,48.560000
-0.059748,28.183678,77.000000,48.600000
-0.059543,28.769141,77.000000,48.640000
-0.059343,29.484391,77.000000,48.680000
-0.059129,30.071183,77.000000,48.720000
-0.058928,30.763620,77.000000,48.760000
-0.058712,30.973182,77.000000,48.800000
-0.058512,31.596530,77.000000,48.840000
-0.058316,31.747798,77.000000,48.880000
-0.058108,32.409023,77.000000,48.920000
-0.057914,32.756110,77.000000,48.960000
-0.057727,32.936856,77.000000,49.000000
-0.057530,33.560201,77.000000,49.040000
-0.057338,34.160075,77.000000,49.080000
-0.057117,34.982299,77.000000,49.120000
-0.056919,35.709963,77.000000,49.160000
-0.056711,36.034240,77.000000,49.200000
-0.056513,36.606625,77.000000,49.240000
-0.056305,37.306803,77.000000,49.280000
-0.056093,37.959627,77.000000,49.320000
-0.055896,38.515610,77.000000,49.360000
-0.055703,38.854959,77.000000,49.400000
-0.055504,39.270071,77.000000,49.440000
-0.055305,39.886081,77.000000,49.480000
-0.055086,40.598934,77.000000,49.520000
-0.054889,40.885330,77.000000,49.560000
-0.054693,41.426906,77.000000,49.600000
-0.054489,42.005957,77.000000,49.640000
-0.054286,42.472439,77.000000,49.680000
-0.054101,43.111516,77.000000,49.720000
-0.053897,43.487421,77.000000,49.760000
-0.053696,44.021920,77.000000,49.800000
-0.053503,44.571237,77.000000,49.840000
-0.053286,45.045304,77.000000,49.880000
-0.053090,45.404808,77.000000,49.920000
-0.052902,46.073775,77.000000,49.960000
-0.052697,46.339351,77.000000,50.000000
-0.052557,43.880126,77.000000,50.040000
-0.052547,40.568790,77.000000,50.080000
-0.052700,29.710350,77.000000,50.120000
-0.052896,23.331519,77.000000,50.160000
-0.053098,18.263130,77.000000,50.200000
-0.053307,14.751964,77.000000,50.240000
-0.053505,11.818265,77.000000,50.280000
-0.053708,9.725469,77.000000,50.320000
-0.053911,7.373884,77.000000,50.360000
-0.054122,5.576550,77.000000,50.400000
-0.054321,4.086024,77.000000,50.440000
-0.054517,2.761837,77.000000,50.480000
-0.054719,1.792069,77.000000,50.520000
-0.054913,0.769349,77.000000,50.560000
-0.055123,-0.206424,77.000000,50.600000
-0.055308,-1.042393,77.000000,50.640000
-0.055521,-1.826736,77.000000,50.680000
-0.055725,-2.359248,77.000000,50.720000
-0.055907,-3.155601,77.000000,50.760000
-0.056099,-3.802419,77.000000,50.800000
-0.056290,-4.465380,77.000000,50.840000
-0.056508,-5.148753,77.000000,50.880000
-0.056727,-5.817055,77.000000,50.920000
-0.056915,-6.155739,77.000000,50.960000
-0.057100,-6.789477,77.000000,51.000000
-0.057319,-7.413485,77.000000,51.040000
-0.057503,-8.097266,77.000000,51.080000
-0.057724,-8.321899,77.000000,51.120000
-0.057927,-8.924831,77.000000,51.160000
-0.058121,-9.315141,77.000000,51.200000
-0.058301,-9.863387,77.000000,51.240000
-0.058519,-10.173256,77.000000,51.280000
-0.058691,-10.414695,77.000000,51.320000
-0.058915,-10.931728,77.000000,51.360000
-0.059113,-11.390467,77.000000,51.400000
-0.059314,-11.624830,77.000000,51.440000
-0.059511,-12.129854,77.000000,51.480000
-0.059725,-12.496690,77.000000,51.520000
-0.059937,-12.473216,77.000000,51.560000
-0.060122,-13.023453,77.000000,51.600000
-0.060337,-13.300782,77.000000,51.640000
-0.060536,-13.564367,77.000000,51.680000
-0.060739,-13.872501,77.000000,51.720000
-0.060936,-14.197442,77.000000,51.760000
-0.061124,-14.603892,77.000000,51.800000
-0.061361,-15.107182,77.000000,51.840000
-0.061549,-15.196025,77.000000,51.880000
-0.061752,-15.167873,77.000000,51.920000
-0.061943,-15.655428,77.000000,51.960000
-0.062122,-15.752010,77.000000,52.000000
-0.062358,-16.949065,77.000000,52.040000
-0.062562,-16.597708,77.000000,52.080000
-0.062762,-16.896776,77.000000,52.120000
-0.062959,-17.324304,77.000000,52.160000
-0.063168,-17.942307,77.000000,52.200000
-0.063363,-17.858142,77.000000,52.240000
-0.063547,-18.062363,77.000000,52.280000
-0.063752,-18.768547,77.000000,52.320000
-0.063988,-19.320517,77.000000,52.360000
-0.064181,-19.596112,77.000000,52.400000
-0.064366,-19.679614,77.000000,52.440000
-0.064570,-20.175571,77.000000,52.480000
-0.064774,-20.454228,77.000000,52.520000
-0.064976,-20.905227,77.000000,52.560000
-0.065180,-21.475620,77.000000,52.600000
-0.065393,-22.228751,77.000000,52.640000
-0.065600,-22.439640,77.000000,52.680000
-0.065798,-22.679751,77.000000,52.720000
-0.065970,-23.410071,77.000000,52.760000
-0.066189,-24.079038,77.000000,52.800000
-0.066380,-24.461351,77.000000,52.840000
-0.066604,-25.350272,77.000000,52.880000
-0.066811,-25.643998,77.000000,52.920000
-0.067003,-26.214391,77.000000,52.960000
-0.067206,-27.117056,77.000000,53.000000
-0.067409,-27.552985,77.000000,53.040000
-0.067611,-27.959437,77.000000,53.080000
-0.067793,-28.779263,77.000000,53.120000
-0.068011,-29.773169,77.000000,53.160000
-0.068208,-30.525636,77.000000,53.200000
-0.068410,-31.710970,77.000000,53.240000
-0.068626,-32.188506,77.000000,53.280000
-0.068812,-33.345026,77.000000,53.320000
-0.069028,-34.283583,77.000000,53.360000
-0.069210,-35.158096,77.000000,53.400000
-0.069414,-36.210037,77.000000,53.440000
-0.069610,-37.428575,77.000000,53.480000
-0.069824,-38.835602,77.000000,53.520000
-0.070025,-40.174196,77.000000,53.560000
-0.070224,-41.587631,77.000000,53.600000
-0.070414,-43.211550,77.000000,53.640000
-0.070624,-44.919379,77.000000,53.680000
-0.070837,-46.490345,77.000000,53.720000
-0.071032,-48.295011,77.000000,53.760000
-0.071228,-50.216127,77.000000,53.800000
-0.071421,-52.356159,77.000000,53.840000
-0.071635,-55.214755,77.000000,53.880000
-0.071840,-57.914754,77.000000,53.920000
-0.072044,-60.140279,77.000000,53.960000
-0.072227,-62.855756,77.000000,54.000000
-0.072432,-66.309953,77.000000,54.040000
-0.072636,-70.136994,77.000000,54.080000
-0.072829,-74.520945,77.000000,54.120000
-0.073041,-79.108851,77.000000,54.160000
-0.073234,-83.454249,77.000000,54.200000
-0.073435,-88.577323,77.000000,54.240000
-0.073634,-94.564519,77.000000,54.280000
-0.073834,-101.225357,77.000000,54.320000
-0.074046,-107.960347,77.000000,54.360000
-0.074241,-115.277727,77.000000,54.400000
-0.074438,-123.420690,77.000000,54.440000
-0.074625,-133.446892,77.000000,54.480000
-0.074848,-143.846178,77.000000,54.520000
-0.075037,-154.692197,77.000000,54.560000
-0.075224,-167.207100,77.000000,54.600000
-0.075437,-181.286288,77.000000,54.640000
-0.075638,-196.080068,77.000000,54.680000
-0.075835,-212.212436,77.000000,54.720000
-0.076019,-231.202086,77.000000,54.760000
-0.076216,-251.855276,77.000000,54.800000
-0.076429,-273.529827,77.000000,54.840000
-0.076633,-298.655547,77.000000,54.880000
-0.076837,-325.957811,77.000000,54.920000
-0.077026,-355.542961,77.000000,54.960000
-0.077245,-386.273302,77.000000,55.000000
-0.077354,-394.035673,77.000000,55.040000
-0.077386,-382.580053,77.000000,55.080000
-0.077352,-360.943379,77.000000,55.120000
-0.077253,-316.270707,77.000000,55.160000
-0.077100,-261.796224,77.000000,55.200000
-0.076911,-205.023111,77.000000,55.240000
-0.076705,-152.458938,77.000000,55.280000
-0.076466,-105.761240,77.000000,55.320000
-0.076230,-65.775047,77.000000,55.360000
-0.075971,-32.132494,77.000000,55.400000
-0.075741,-12.241507,77.000000,55.440000
-0.075612,-9.955291,77.000000,55.480000
-0.075520,-6.930352,77.000000,55.520000
-0.075423,-4.366807,77.000000,55.560000
-0.075351,-1.786457,77.000000,55.600000
-0.075190,12.502965,77.000000,55.640000
-0.074549,45.945317,77.000000,55.680000
-0.074169,40.132198,77.000000,55.720000
-0.074021,30.860203,77.000000,55.760000
-0.073837,29.205737,77.000000,55.800000
-0.073642,29.229871,77.000000,55.840000
-0.073421,28.980032,77.000000,55.880000
-0.073206,26.777981,77.000000,55.920000
-0.073018,23.128625,77.000000,55.960000
-0.072846,20.270690,77.000000,56.000000
-0.072646,18.774822,77.000000,56.040000
-0.072415,16.901726,77.000000,56.080000
-0.072207,15.007146,77.000000,56.120000
-0.072024,12.526439,77.000000,56.160000
-0.071821,11.359526,77.000000,56.200000
-0.071631,11.171040,77.000000,56.240000
-0.071414,10.651608,77.000000,56.280000
-0.071218,9.997458,77.000000,56.320000
-0.071012,9.562192,77.000000,56.360000
-0.070800,9.177223,77.000000,56.400000
-0.070605,9.029017,77.000000,56.440000
-0.070401,8.944851,77.000000,56.480000
-0.070199,8.892562,77.000000,56.520000
-0.070012,8.869752,77.000000,56.560000
-0.069816,9.132267,77.000000,56.600000
-0.069621,9.186290,77.000000,56.640000
-0.069429,9.335161,77.000000,56.680000
-0.069223,9.487093,77.000000,56.720000
-0.069005,9.728531,77.000000,56.760000
-0.068786,10.018533,77.000000,56.800000
-0.068577,10.186200,77.000000,56.840000
-0.068397,10.199944,77.000000,56.880000
-0.068207,10.277441,77.000000,56.920000
-0.067995,10.471268,77.000000,56.960000
-0.067813,10.914530,77.000000,57.000000
-0.067588,11.366858,77.000000,57.040000
-0.067393,11.681405,77.000000,57.080000
-0.067190,11.900033,77.000000,57.120000
-0.066979,12.169623,77.000000,57.160000
-0.066774,12.200835,77.000000,57.200000
-0.066580,12.450676,77.000000,57.240000
-0.066395,12.893938,77.000000,57.280000
-0.066192,13.150448,77.000000,57.320000
-0.065988,13.479401,77.000000,57.360000
-0.065785,13.833158,77.000000,57.400000
-0.065582,14.126221,77.000000,57.440000
-0.065374,14.570553,77.000000,57.480000
-0.065163,14.788518,77.000000,57.520000
-0.064961,15.105056,77.000000,57.560000
-0.064760,15.067837,77.000000,57.600000
-0.064591,15.366906,77.000000,57.640000
-0.064365,16.067085,77.000000,57.680000
-0.064152,16.396703,77.000000,57.720000
-0.063960,16.592520,77.000000,57.760000
-0.063762,16.698168,77.000000,57.800000
-0.063562,17.151568,77.000000,57.840000
-0.063382,17.442233,77.000000,57.880000
-0.063159,17.797059,77.000000,57.920000
-0.062947,17.970066,77.000000,57.960000
-0.062744,18.442550,77.000000,58.000000
-0.062547,18.797632,77.000000,58.040000
-0.062348,18.894214,77.000000,58.080000
-0.062156,18.986782,77.000000,58.120000
-0.061959,19.525962,77.000000,58.160000
-0.061760,20.083937,77.000000,58.200000
-0.061549,20.465181,77.000000,58.240000
-0.061332,20.970461,77.000000,58.280000
-0.061124,21.292747,77.000000,58.320000
-0.060924,21.468152,77.000000,58.360000
-0.060728,21.737742,77.000000,58.400000
-0.060526,22.100563,77.000000,58.440000
-0.060340,22.383233,77.000000,58.480000
-0.060140,22.730321,77.000000,58.520000
-0.059949,23.112891,77.000000,58.560000
-0.059741,23.693013,77.000000,58.600000
-0.059537,24.287544,77.000000,58.640000
-0.059325,24.446144,77.000000,58.680000
-0.059119,24.867004,77.000000,58.720000
-0.058914,25.272382,77.000000,58.760000
-0.058713,25.663356,77.000000,58.800000
-0.058515,26.295104,77.000000,58.840000
-0.058312,26.626049,77.000000,58.880000
-0.058105,26.679409,77.000000,58.920000
-0.057907,27.206171,77.000000,58.960000
-0.057732,27.753752,77.000000,59.000000
-0.057533,28.325473,77.000000,59.040000
-0.057320,28.813028,77.000000,59.080000
-0.057122,29.182924,77.000000,59.120000
-0.056927,29.702355,77.000000,59.160000
-0.056715,30.350502,77.000000,59.200000
-0.056515,31.056021,77.000000,59.240000
-0.056300,31.491952,77.000000,59.280000
-0.056110,32.010719,77.000000,59.320000
-0.055906,32.673270,77.000000,59.360000
-0.055686,33.160826,77.000000,59.400000
-0.055512,33.733210,77.000000,59.440000
-0.055288,34.350549,77.000000,59.480000
-0.055085,34.869980,77.000000,59.520000
-0.054900,35.463849,77.000000,59.560000
-0.054703,36.080523,77.000000,59.600000
-0.054479,36.770568,77.000000,59.640000
-0.054285,37.237710,77.000000,59.680000
-0.054106,37.863044,77.000000,59.720000
-0.053885,38.516939,77.000000,59.760000
-0.053687,39.163093,77.000000,59.800000
-0.053491,39.952777,77.000000,59.840000
-0.053288,40.322676,77.000000,59.880000
-0.053096,40.766345,77.000000,59.920000
-0.052889,41.396359,77.000000,59.960000
-0.052684,42.119347,77.000000,60.000000
-0.052564,40.291461,77.000000,60.040000
-0.052551,36.801779,77.000000,60.080000
-0.052702,26.513067,77.000000,60.120000
-0.052909,20.608710,77.000000,60.160000
-0.053105,16.217689,77.000000,60.200000
-0.053307,13.103500,77.000000,60.240000
-0.053508,10.321327,77.000000,60.280000
-0.053709,8.147427,77.000000,60.320000
-0.053907,6.373567,77.000000,60.360000
-0.054111,4.717772,77.000000,60.400000
-0.054315,3.417059,77.000000,60.440000
-0.054514,2.176373,77.000000,60.480000
-0.054713,1.115772,77.000000,60.520000
-0.054911,0.091981,77.000000,60.560000
-0.055111,-0.576985,77.000000,60.600000
-0.055325,-1.396148,77.000000,60.640000
-0.055507,-2.027896,77.000000,60.680000
-0.055711,-2.809177,77.000000,60.720000
-0.055912,-3.547900,77.000000,60.760000
-0.056094,-3.892997,77.000000,60.800000
-0.056298,-4.419760,77.000000,60.840000
-0.056494,-5.306690,77.000000,60.880000
-0.056708,-5.879073,77.000000,60.920000
-0.056924,-6.418917,77.000000,60.960000
-0.057105,-6.713051,77.000000,61.000000
-0.057324,-7.015181,77.000000,61.040000
-0.057519,-7.639189,77.000000,61.080000
-0.057718,-8.247464,77.000000,61.120000
-0.057920,-8.396998,77.000000,61.160000
-0.058122,-8.828250,77.000000,61.200000
-0.058330,-9.194422,77.000000,61.240000
-0.058500,-9.473741,77.000000,61.280000
-0.058701,-9.939149,77.000000,61.320000
-0.058915,-10.361998,77.000000,61.360000
-0.059126,-10.579299,77.000000,61.400000
-0.059296,-10.797264,77.000000,61.440000
-0.059504,-11.211048,77.000000,61.480000
-0.059743,-11.578546,77.000000,61.520000
-0.059935,-11.745550,77.000000,61.560000
-0.060126,-11.716071,77.000000,61.600000
-0.060325,-12.135859,77.000000,61.640000
-0.060542,-12.715318,77.000000,61.680000
-0.060745,-12.886998,77.000000,61.720000
-0.060945,-13.046263,77.000000,61.760000
-0.061121,-13.203536,77.000000,61.800000
-0.061340,-13.482192,77.000000,61.840000
-0.061553,-14.002287,77.000000,61.880000
-0.061738,-14.121679,77.000000,61.920000
-0.061943,-14.340971,77.000000,61.960000
-0.062138,-14.414743,77.000000,62.000000
-0.062352,-14.671252,77.000000,62.040000
-0.062573,-15.339555,77.000000,62.080000
-0.062764,-15.376108,77.000000,62.120000
-0.062966,-15.498155,77.000000,62.160000
-0.063160,-15.603139,77.000000,62.200000
-0.063341,-16.092684,77.000000,62.240000
-0.063582,-16.745915,77.000000,62.280000
-0.063777,-16.849830,77.000000,62.320000
-0.063971,-17.167693,77.000000,62.360000
-0.064175,-17.497311,77.000000,62.400000
-0.064359,-17.686461,77.000000,62.440000
-0.064559,-18.355427,77.000000,62.480000
-0.064790,-19.197400,77.000000,62.520000
-0.064989,-18.966099,77.000000,62.560000
-0.065187,-19.445914,77.000000,62.600000
-0.065396,-19.785261,77.000000,62.640000
-0.065586,-20.228523,77.000000,62.680000
-0.065791,-20.732884,77.000000,62.720000
-0.065984,-20.875750,77.000000,62.760000
-0.066185,-21.221102,77.000000,62.800000
-0.066385,-21.824033,77.000000,62.840000
-0.066598,-22.152989,77.000000,62.880000
-0.066791,-22.717632,77.000000,62.920000
-0.067003,-23.132079,77.000000,62.960000
-0.067209,-23.372190,77.000000,63.000000
-0.067385,-23.914432,77.000000,63.040000
-0.067614,-24.529375,77.000000,63.080000
-0.067808,-25.267434,77.000000,63.120000
-0.068000,-25.741907,77.000000,63.160000
-0.068203,-26.237202,77.000000,63.200000
-0.068408,-26.884683,77.000000,63.240000
-0.068607,-27.537915,77.000000,63.280000
-0.068810,-28.740719,77.000000,63.320000
-0.069022,-29.471702,77.000000,63.360000
-0.069223,-30.208434,77.000000,63.400000
-0.069425,-31.132584,77.000000,63.440000
-0.069612,-32.314568,77.000000,63.480000
-0.069819,-33.374506,77.000000,63.520000
-0.070028,-34.404300,77.000000,63.560000
-0.070235,-35.526666,77.000000,63.600000
-0.070432,-36.901813,77.000000,63.640000
-0.070623,-38.542536,77.000000,63.680000
-0.070825,-40.150722,77.000000,63.720000
-0.071031,-41.857477,77.000000,63.760000
-0.071225,-43.565306,77.000000,63.800000
-0.071433,-45.549800,77.000000,63.840000
-0.071631,-47.573755,77.000000,63.880000
-0.071832,-50.101412,77.000000,63.920000
-0.072032,-52.868513,77.000000,63.960000
-0.072236,-55.163796,77.000000,64.000000
-0.072432,-58.373494,77.000000,64.040000
-0.072645,-62.052329,77.000000,64.080000
-0.072835,-65.684877,77.000000,64.120000
-0.073038,-69.661453,77.000000,64.160000
-0.073243,-74.423034,77.000000,64.200000
-0.073442,-79.350293,77.000000,64.240000
-0.073629,-84.605430,77.000000,64.280000
-0.073835,-90.721748,77.000000,64.320000
-0.074053,-97.654826,77.000000,64.360000
-0.074246,-104.942077,77.000000,64.400000
-0.074435,-112.665909,77.000000,64.440000
-0.074640,-121.390988,77.000000,64.480000
-0.074844,-131.820824,77.000000,64.520000
-0.075038,-142.600150,77.000000,64.560000
-0.075236,-154.571476,77.000000,64.600000
-0.075440,-167.764402,77.000000,64.640000
-0.075657,-182.962898,77.000000,64.680000
-0.075839,-198.779406,77.000000,64.720000
-0.076031,-217.049118,77.000000,64.760000
-0.076225,-238.751845,77.000000,64.800000
-0.076417,-261.442457,77.000000,64.840000
-0.076630,-285.375756,77.000000,64.880000
-0.076835,-312.990598,77.000000,64.920000
-0.077021,-341.727364,77.000000,64.960000
-0.077224,-375.700604,77.000000,65.000000
-0.077363,-385.836692,77.000000,65.040000
-0.077372,-374.735507,77.000000,65.080000
-0.077372,-352.384880,77.000000,65.120000
-0.077263,-307.169720,77.000000,65.160000
-0.077106,-253.013102,77.000000,65.200000
-0.076903,-196.758105,77.000000,65.240000
-0.076698,-144.802866,77.000000,65.280000
-0.076474,-98.693688,77.000000,65.320000
-0.076228,-59.170919,77.000000,65.360000
-0.075958,-26.702609,77.000000,65.400000
-0.075743,-11.647641,77.000000,65.440000
-0.075641,-9.240705,77.000000,65.480000
-0.075538,-5.878410,77.000000,65.520000
-0.075459,-3.788012,77.000000,65.560000
-0.075390,-0.711448,77.000000,65.600000
-0.075095,24.264070,77.000000,65.640000
-0.074495,43.486756,77.000000,65.680000
-0.074190,35.839750,77.000000,65.720000
-0.074035,28.431786,77.000000,65.760000
-0.073856,27.875138,77.000000,65.800000
-0.073636,27.348374,77.000000,65.840000
-0.073424,24.948105,77.000000,65.880000
-0.073228,21.436277,77.000000,65.920000
-0.073041,18.722533,77.000000,65.960000
-0.072824,16.594255,77.000000,66.000000
-0.072637,15.110397,77.000000,66.040000
-0.072402,13.051876,77.000000,66.080000
-0.072210,11.225062,77.000000,66.120000
-0.072010,9.553125,77.000000,66.160000
-0.071843,8.750360,77.000000,66.200000
-0.071631,8.704740,77.000000,66.240000
-0.071418,8.268147,77.000000,66.280000
-0.071203,7.657882,77.000000,66.320000
-0.071002,7.201540,77.000000,66.360000
-0.070798,6.989580,77.000000,66.400000
-0.070611,6.995585,77.000000,66.440000
-0.070410,6.853790,77.000000,66.480000
-0.070229,6.891007,77.000000,66.520000
-0.070017,6.974509,77.000000,66.560000
-0.069812,7.351074,77.000000,66.600000
-0.069609,7.463391,77.000000,66.640000
-0.069407,7.635072,77.000000,66.680000
-0.069192,7.576778,77.000000,66.720000
-0.068989,7.705493,77.000000,66.760000
-0.068799,8.011637,77.000000,66.800000
-0.068606,8.043514,77.000000,66.840000
-0.068401,8.208119,77.000000,66.880000
-0.068197,8.433823,77.000000,66.920000
-0.067992,8.726223,77.000000,66.960000
-0.067786,9.005543,77.000000,67.000000
-0.067592,9.328085,77.000000,67.040000
-0.067370,9.455879,77.000000,67.080000
-0.067187,9.540045,77.000000,67.120000
-0.066996,9.501500,77.000000,67.160000
-0.066809,10.214351,77.000000,67.200000
-0.066597,10.389757,77.000000,67.240000
-0.066378,10.796872,77.000000,67.280000
-0.066163,10.862241,77.000000,67.320000
-0.065971,10.899459,77.000000,67.360000
-0.065795,11.464103,77.000000,67.400000
-0.065571,11.916175,77.000000,67.440000
-0.065380,12.019424,77.000000,67.480000
-0.065166,12.239381,77.000000,67.520000
-0.064957,12.307811,77.000000,67.560000
-0.064778,12.689053,77.000000,67.600000
-0.064575,13.229560,77.000000,67.640000
-0.064364,13.149121,77.000000,67.680000
-0.064162,13.570643,77.000000,67.720000
-0.063975,13.944146,77.000000,67.760000
-0.063776,14.366996,77.000000,67.800000
-0.063554,14.668462,77.000000,67.840000
-0.063350,15.052103,77.000000,67.880000
-0.063151,15.058108,77.000000,67.920000
-0.062943,15.367978,77.000000,67.960000
-0.062752,15.834049,77.000000,68.000000
-0.062544,16.163667,77.000000,68.040000
-0.062356,16.411773,77.000000,68.080000
-0.062146,16.399099,77.000000,68.120000
-0.061954,16.903716,77.000000,68.160000
-0.061752,17.300437,77.000000,68.200000
-0.061549,17.720225,77.000000,68.240000
-0.061344,17.849348,77.000000,68.280000
-0.061150,18.203102,77.000000,68.320000
-0.060950,18.390926,77.000000,68.360000
-0.060747,18.849258,77.000000,68.400000
-0.060549,19.272107,77.000000,68.440000
-0.060337,19.783134,77.000000,68.480000
-0.060148,19.985365,77.000000,68.520000
-0.059951,20.323641,77.000000,68.560000
-0.059734,20.623117,77.000000,68.600000
-0.059536,21.144540,77.000000,68.640000
-0.059334,21.512446,77.000000,68.680000
-0.059133,21.924495,77.000000,68.720000
-0.058935,22.270918,77.000000,68.760000
-0.058734,22.700435,77.000000,68.800000
-0.058524,23.061929,77.000000,68.840000
-0.058324,23.465983,77.000000,68.880000
-0.058124,23.963930,77.000000,68.920000
-0.057930,24.497769,77.000000,68.960000
-0.057722,24.919290,77.000000,69.000000
-0.057532,25.362552,77.000000,69.040000
-0.057309,25.812889,77.000000,69.080000
-0.057127,26.057390,77.000000,69.120000
-0.056920,26.590566,77.000000,69.160000
-0.056724,27.265534,77.000000,69.200000
-0.056515,27.866071,77.000000,69.240000
-0.056326,28.437791,77.000000,69.280000
-0.056117,28.785538,77.000000,69.320000
-0.055925,29.153448,77.000000,69.360000
-0.055713,29.769716,77.000000,69.400000
-0.055522,30.574471,77.000000,69.440000
-0.055318,31.184479,77.000000,69.480000
-0.055101,31.553969,77.000000,69.520000
-0.054896,32.281636,77.000000,69.560000
-0.054708,32.957269,77.000000,69.600000
-0.054489,33.680257,77.000000,69.640000
-0.054298,34.298260,77.000000,69.680000
-0.054092,34.914938,77.000000,69.720000
-0.053887,35.342464,77.000000,69.760000
-0.053684,36.184440,77.000000,69.800000
-0.053481,36.921835,77.000000,69.840000
-0.053282,37.517694,77.000000,69.880000
-0.053083,38.088085,77.000000,69.920000
-0.052884,38.613522,77.000000,69.960000
-0.052677,39.562468,77.000000,70.000000
-0.052560,37.471407,77.000000,70.040000
-0.052527,34.289858,77.000000,70.080000
-0.052707,24.227516,77.000000,70.120000
-0.052892,18.638369,77.000000,70.160000
-0.053108,14.765044,77.000000,70.200000
-0.053313,11.862815,77.000000,70.240000
-0.053511,9.216432,77.000000,70.280000
-0.053702,6.886330,77.000000,70.320000
-0.053921,5.378998,77.000000,70.360000
-0.054114,4.048143,77.000000,70.400000
-0.054312,2.748093,77.000000,70.440000
-0.054519,1.876897,77.000000,70.480000
-0.054727,0.680506,77.000000,70.520000
-0.054922,-0.418384,77.000000,70.560000
-0.055123,-1.065866,77.000000,70.600000
-0.055322,-1.493393,77.000000,70.640000
-0.055523,-2.170761,77.000000,70.680000
-0.055707,-2.952043,77.000000,70.720000
-0.055906,-3.472138,77.000000,70.760000
-0.056113,-3.954352,77.000000,70.800000
-0.056295,-4.456977,77.000000,70.840000
-0.056521,-4.999219,77.000000,70.880000
-0.056721,-5.668184,77.000000,70.920000
-0.056920,-6.125189,77.000000,70.960000
-0.057118,-6.240567,77.000000,71.000000
